Name,Feature,Full Address,Street,Municipality,Categories,Plus Code,Phones,Emails,Review Count,Average Rating,Review URL,Google Maps URL,Cid,Google Knowledge URL,Kgmid,Latitude,Longitude,Website,Domain,Opening Hours,Featured Image,Place Id
مطعم ومشويات ذا بلو,,12 أحمد راغب، قسم قصر النيل، محافظة القاهرة‬ 11519,12 أحمد راغب,قسم قصر النيل,الشواء,,,,36,4,https://search.google.com/local/reviews?placeid=ChIJZ_sFyM1AWBQR1QjFdMrge00&q=restaurants+%D8%A8%D8%A7%D9%84%D9%82%D8%B1%D8%A8+%D9%85%D9%86+Cairo&authuser=0&hl=ar&gl=EG,https://www.google.com/maps?cid=5583303323202947285,5583303323202947285,https://www.google.com/search?kgmid=/g/11j2xmmthz&kponly,/g/11j2xmmthz,30.038654599999997,31.2304663,https://www.kempinski.com/en/cairo/nile-hotel/dining/the-blue-restaurant-and-grill/,kempinski.com,"الثلاثاء:[١١:٠٠ص-١:٠٠ص], الأربعاء:[١١:٠٠ص-١:٠٠ص], الخميس:[١١:٠٠ص-١:٠٠ص], الجمعة:[١١:٠٠ص-١:٠٠ص], السبت:[١٠:٠٠ص-١:٠٠ص], الأحد:[١١:٠٠ص-١:٠٠ص], الاثنين:[١١:٠٠ص-١:٠٠ص]",https://lh5.googleusercontent.com/p/AF1QipM7juiAWEbwVBHGTN7OW5LmrCzZrn6YFjUwmcMA=w122-h92-k-no,ChIJZ_sFyM1AWBQR1QjFdMrge00
ابو السيد,,157 محور 26 يوليو، محمد مظهر، الزمالك، محافظة القاهرة‬ 4271050,157 محور 26 يوليو,الزمالك,"مطعم مأكولات مصرية, مطعم مأكولات ومشروبات",,"02 27359640, +20 2 27359640",,4193,3.9,https://search.google.com/local/reviews?placeid=ChIJD1gOLOtAWBQRRXUYeJE0qiU&q=restaurants+%D8%A8%D8%A7%D9%84%D9%82%D8%B1%D8%A8+%D9%85%D9%86+Cairo&authuser=0&hl=ar&gl=EG,https://www.google.com/maps?cid=2714039524833916229,2714039524833916229,https://www.google.com/search?kgmid=/g/1wb4460m&kponly,/g/1wb4460m,30.0592246,31.2244165,http://www.abouelsid.com/,abouelsid.com,"الثلاثاء:[١:٠٠م-١:٠٠ص], الأربعاء:[١:٠٠م-١:٠٠ص], الخميس:[١:٠٠م-١:٠٠ص], الجمعة:[١:٠٠م-١:٠٠ص], السبت:[١:٠٠م-١:٠٠ص], الأحد:[١:٠٠م-١:٠٠ص], الاثنين:[١:٠٠م-١:٠٠ص]",https://lh5.googleusercontent.com/p/AF1QipMqH5ZTljVH6UasQj_fW9NyGreoLeDo2U65n3YS=w122-h92-k-no,ChIJD1gOLOtAWBQRRXUYeJE0qiU
Sit & Sab Thai Chilli,,"3, Abdel Azim St., Next to Abdou Basha Metro Station الوايلى، محافظة القاهرة‬","3, Abdel Azim St., Next to Abdou Basha Metro Station",الوايلى,"مطعم مأكولات تايلاندية, مقهى, مطعم",,"0102 345 1918, +20 102 345 1918",,297,4.3,https://search.google.com/local/reviews?placeid=ChIJAQD05Hc_WBQRa2xQgB_yR7E&q=restaurants+%D8%A8%D8%A7%D9%84%D9%82%D8%B1%D8%A8+%D9%85%D9%86+Cairo&authuser=0&hl=ar&gl=EG,https://www.google.com/maps?cid=12774445085170363499,12774445085170363499,https://www.google.com/search?kgmid=/g/11hd1s0fkw&kponly,/g/11hd1s0fkw,30.064256099999998,31.2749752,https://www.facebook.com/SitandSabRestaurant/,facebook.com,"الثلاثاء:[١:٠٠-٩:٠٠م], الأربعاء:[١:٠٠-٩:٠٠م], الخميس:[١:٠٠-٩:٠٠م], الجمعة:[٢:٠٠-٩:٠٠م], السبت:[١:٠٠-٩:٠٠م], الأحد:[١:٠٠-٩:٠٠م], الاثنين:[١:٠٠-٩:٠٠م]",https://lh5.googleusercontent.com/p/AF1QipO-zcf6JOB0xJGmd3Hjb3D7wueq6UhqLFUkA63b=w80-h106-k-no,ChIJAQD05Hc_WBQRa2xQgB_yR7E
كامالا,,"El Nil, Conrad Cairo, كورنيش النيل، محافظة القاهرة‬ 11221",El Nil,بولاق,مطعم سوشي,,"02 25808481, +20 2 25808481",,74,4.2,https://search.google.com/local/reviews?placeid=ChIJudDqb-VAWBQRUfz2I0qItt4&q=restaurants+%D8%A8%D8%A7%D9%84%D9%82%D8%B1%D8%A8+%D9%85%D9%86+Cairo&authuser=0&hl=ar&gl=EG,https://www.google.com/maps?cid=16048164174193687633,16048164174193687633,https://www.google.com/search?kgmid=/g/1td0q59_&kponly,/g/1td0q59_,30.0656608,31.2282729,http://conradhotels3.hilton.com/en/hotels/egypt/conrad-cairo-CAICICI/amenities/restaurants-kamala.html,conradhotels3.hilton.com,"الثلاثاء:[٦:٠٠م-١:٠٠ص], الأربعاء:[٦:٠٠م-١:٠٠ص], الخميس:[٦:٠٠م-١:٠٠ص], الجمعة:[٦:٠٠م-١:٠٠ص], السبت:[٦:٠٠م-١:٠٠ص], الأحد:[٦:٠٠م-١:٠٠ص], الاثنين:[٦:٠٠م-١:٠٠ص]",https://lh5.googleusercontent.com/p/AF1QipM4BEVD_i4o_tpPGeSH07x3crAjrBRT5VkrqUUT=w122-h92-k-no,ChIJudDqb-VAWBQRUfz2I0qItt4
مطعم عثمانلي,مطعم تركي أنيق في فندق,"12 Ahmed Ragheb, street, محافظة القاهرة‬ 11519",12 Ahmed Ragheb,قسم قصر النيل,"مطعم مأكولات تركية, مطعم",,"02 27980000, +20 2 27980000",,470,4.2,https://search.google.com/local/reviews?placeid=ChIJEYXix81AWBQRkjrAs56cZJ8&q=restaurants+%D8%A8%D8%A7%D9%84%D9%82%D8%B1%D8%A8+%D9%85%D9%86+Cairo&authuser=0&hl=ar&gl=EG,https://www.google.com/maps?cid=11485477155136092818,11485477155136092818,https://www.google.com/search?kgmid=/g/1tgfsxvy&kponly,/g/1tgfsxvy,30.0386357,31.230670999999997,https://www.kempinski.com/en/cairo/nile-hotel/dining/the-osmanly-restaurant/,kempinski.com,"الثلاثاء:[١:٠٠م-١٢:٠٠ص], الأربعاء:[١:٠٠م-١٢:٠٠ص], الخميس:[١:٠٠م-١٢:٠٠ص], الجمعة:[١:٠٠م-١٢:٠٠ص], السبت:[١:٠٠م-١٢:٠٠ص], الأحد:[١:٠٠م-١٢:٠٠ص], الاثنين:[١:٠٠م-١٢:٠٠ص]",https://lh5.googleusercontent.com/p/AF1QipO6wSUUOqVSe14C-08IHlEGVJQBrmiHEVrFhCc=w114-h92-k-no,ChIJEYXix81AWBQRkjrAs56cZJ8
The Grill Restaurant & Lounge,قائمة طعام فرنسية حديثة في محيط حديث,"Semiramis InterContinental, Cornich, El Nile, محافظة القاهرة‬ 11511",Semiramis InterContinental,قسم قصر النيل,"مطعم مأكولات فرنسية, مطعم راقٍ",,"02 27988000, +20 2 27988000",,388,4.6,https://search.google.com/local/reviews?placeid=ChIJJeBrEM9AWBQRT2ioVk0o-YU&q=restaurants+%D8%A8%D8%A7%D9%84%D9%82%D8%B1%D8%A8+%D9%85%D9%86+Cairo&authuser=0&hl=ar&gl=EG,https://www.google.com/maps?cid=9653791588876838991,9653791588876838991,https://www.google.com/search?kgmid=/g/1tm2vhtq&kponly,/g/1tm2vhtq,30.0431423,31.2318248,https://www.ihg.com/intercontinental/hotels/us/en/cairo/croha/hoteldetail,ihg.com,"الثلاثاء:[٧:٠٠م-١٢:٠٠ص], الأربعاء:[٧:٠٠م-١٢:٠٠ص], الخميس:[٧:٠٠م-١٢:٠٠ص], الجمعة:[٧:٠٠م-١٢:٠٠ص], السبت:[٧:٠٠م-١٢:٠٠ص], الأحد:[٧:٠٠م-١٢:٠٠ص], الاثنين:[٧:٠٠م-١٢:٠٠ص]",https://lh5.googleusercontent.com/p/AF1QipMT7_Vl-17M3pK_xYzKStOoJDvnVHvpgec4xBVL=w138-h92-k-no,ChIJJeBrEM9AWBQRT2ioVk0o-YU
بيبيتو - باب الشعرية,,3745+JVC، الشمكري، باب الشعرية، محافظة القاهرة‬ 4331204,3745+JVC,باب الشعرية,مطعم أطباق اللحوم,,"02 27862709, +20 2 27862709",,1192,4.1,https://search.google.com/local/reviews?placeid=ChIJW9Mk4pxAWBQRx4BmA_YVpLA&q=restaurants+%D8%A8%D8%A7%D9%84%D9%82%D8%B1%D8%A8+%D9%85%D9%86+Cairo&authuser=0&hl=ar&gl=EG,https://www.google.com/maps?cid=12728322593219051719,12728322593219051719,https://www.google.com/search?kgmid=/g/1tdr5gyk&kponly,/g/1tdr5gyk,30.056571599999998,31.2596538,https://www.elmenus.com/ar/%D8%A7%D9%84%D9%82%D8%A7%D9%87%D8%B1%D8%A9/%D8%A8%D9%8A%D8%A8%D9%8A%D8%AA%D9%88-qrdr,elmenus.com,"الثلاثاء:[١١:٠٠ص-٤:٠٠ص], الأربعاء:[١١:٠٠ص-٤:٠٠ص], الخميس:[١١:٠٠ص-٤:٠٠ص], الجمعة:[١١:٠٠ص-٤:٠٠ص], السبت:[١١:٠٠ص-٤:٠٠ص], الأحد:[١١:٠٠ص-٤:٠٠ص], الاثنين:[١١:٠٠ص-٤:٠٠ص]",https://lh5.googleusercontent.com/p/AF1QipNh7slNK8taDNaITFHPkt9Cs4znNlgEkvtlfHm2=w122-h92-k-no,ChIJW9Mk4pxAWBQRx4BmA_YVpLA
مطعم بابا عبده باب الفتوح,,البنهاوي، الصوابي، قسم الجمالية، محافظة القاهرة‬ 4334026,البنهاوي,قسم الجمالية,مطعم,,"0103 274 5000, +20 103 274 5000",,5601,4,https://search.google.com/local/reviews?placeid=ChIJncF4L51AWBQROMP5WaGO4I0&q=restaurants+%D8%A8%D8%A7%D9%84%D9%82%D8%B1%D8%A8+%D9%85%D9%86+Cairo&authuser=0&hl=ar&gl=EG,https://www.google.com/maps?cid=10223327977781445432,10223327977781445432,https://www.google.com/search?kgmid=/g/1tfj5ncr&kponly,/g/1tfj5ncr,30.055961099999998,31.2635582,https://restaurant-75862.business.site/?utm_source=gmb&utm_medium=referral,restaurant-75862.business.site,"الثلاثاء:[نعمل على مدار 24 ساعة], الأربعاء:[نعمل على مدار 24 ساعة], الخميس:[نعمل على مدار 24 ساعة], الجمعة:[نعمل على مدار 24 ساعة], السبت:[نعمل على مدار 24 ساعة], الأحد:[نعمل على مدار 24 ساعة], الاثنين:[نعمل على مدار 24 ساعة]",https://lh5.googleusercontent.com/p/AF1QipNHL2PuHAVa7_aDs-vp2bltKh7xjxYIYEcQldhW=w126-h92-k-no,ChIJncF4L51AWBQROMP5WaGO4I0
القاهرة,,2 درب المحكمه، الشمكري، باب الشعرية، محافظة القاهرة‬ 4330245,2 درب المحكمه,باب الشعرية,مطعم,,,,1,5,https://search.google.com/local/reviews?placeid=ChIJMWHqMO9BWBQRu5WqTJp2dQ8&q=restaurants+%D8%A8%D8%A7%D9%84%D9%82%D8%B1%D8%A8+%D9%85%D9%86+Cairo&authuser=0&hl=ar&gl=EG,https://www.google.com/maps?cid=1113926887927354811,1113926887927354811,https://www.google.com/search?kgmid=/g/11hqtk11kf&kponly,/g/11hqtk11kf,30.0565042,31.2579076,,,,https://lh5.googleusercontent.com/p/AF1QipMaZPVyiTwy2Nuz9Ru72cOd4OhpuftP7pdyndnD=w80-h142-k-no,ChIJMWHqMO9BWBQRu5WqTJp2dQ8
"Crimson Bar & Grill, Cairo, Egypt.",مطعم وبار نابض بالحياة على السطح,"St. (former Montazah St, 16 كمال الطويل، الزمالك، محافظة القاهرة‬",St. (former Montazah St,الزمالك,"مطعم, بارات",,"0127 505 5555, +20 127 505 5555",,2584,4.4,https://search.google.com/local/reviews?placeid=ChIJa2LGePxAWBQR0JfgDGidtg8&q=restaurants+%D8%A8%D8%A7%D9%84%D9%82%D8%B1%D8%A8+%D9%85%D9%86+Cairo&authuser=0&hl=ar&gl=EG,https://www.google.com/maps?cid=1132265426548463568,1132265426548463568,https://www.google.com/search?kgmid=/g/11c5q_4pm_&kponly,/g/11c5q_4pm_,30.0707225,31.222342899999997,http://www.crimsoncairo.com/,crimsoncairo.com,"الثلاثاء:[٨:٠٠ص-٢:٠٠ص], الأربعاء:[٨:٠٠ص-٢:٠٠ص], الخميس:[٨:٠٠ص-٢:٠٠ص], الجمعة:[٨:٠٠ص-٢:٠٠ص], السبت:[٨:٠٠ص-٢:٠٠ص], الأحد:[٨:٠٠ص-٢:٠٠ص], الاثنين:[٨:٠٠ص-٢:٠٠ص]",https://lh5.googleusercontent.com/p/AF1QipMGEbfgl19LxYUSFPU6IBaMa2Ac9foYNrAMkPij=w138-h92-k-no,ChIJa2LGePxAWBQR0JfgDGidtg8
كشري أبو طارق,,"16 ش معروف تقاطع ش شامبليون, قريب من دار القضاء العالى","16 ش معروف تقاطع ش شامبليون, قريب من دار القضاء العالى",قسم قصر النيل,"مطعم كشري, مطعم وجبات سريعة",,"02 25775935, +20 2 25775935",,26984,4.2,https://search.google.com/local/reviews?placeid=ChIJPRFR2cBAWBQRVzGtipOF0Dw&q=restaurants+%D8%A8%D8%A7%D9%84%D9%82%D8%B1%D8%A8+%D9%85%D9%86+Cairo&authuser=0&hl=ar&gl=EG,https://www.google.com/maps?cid=4382149306164785495,4382149306164785495,https://www.google.com/search?kgmid=/g/11cmb114gj&kponly,/g/11cmb114gj,30.0501856,31.2378303,https://www.facebook.com/koshariabotarek,facebook.com,"الثلاثاء:[٧:٠٠ص-١١:٤٥م], الأربعاء:[٧:٠٠ص-١١:٤٥م], الخميس:[٧:٠٠ص-١١:٤٥م], الجمعة:[١٢:٠٠م-١٢:٠٠ص], السبت:[٧:٠٠ص-١١:٤٥م], الأحد:[٧:٠٠ص-١١:٤٥م], الاثنين:[٧:٠٠ص-١١:٤٥م]",https://lh5.googleusercontent.com/p/AF1QipN8TtV7lepchxHXwOdTa4vX-ZpnCjc2r_gYGhbh=w122-h92-k-no,ChIJPRFR2cBAWBQRVzGtipOF0Dw
جاد,,Al Azhar St Ad، عطفة الجاويشي، الدرب الأحمر,Al Azhar St Ad,الدرب الأحمر,"مطعم مأكولات مصرية, مطعم وجبات سريعة",,"02 25145901, +20 2 25145901",,1036,3.5,https://search.google.com/local/reviews?placeid=ChIJHT2qFaBAWBQRTSPG60hAehw&q=restaurants+%D8%A8%D8%A7%D9%84%D9%82%D8%B1%D8%A8+%D9%85%D9%86+Cairo&authuser=0&hl=ar&gl=EG,https://www.google.com/maps?cid=2052023262158136141,2052023262158136141,https://www.google.com/search?kgmid=/g/1tdj1hvz&kponly,/g/1tdj1hvz,30.046132999999998,31.2614032,,,"الثلاثاء:[٣:٠٠م-١٢:٠٠ص], الأربعاء:[٣:٠٠م-١٢:٠٠ص], الخميس:[٣:٠٠م-١٢:٠٠ص], الجمعة:[٣:٠٠م-١٢:٠٠ص], السبت:[٣:٠٠م-١٢:٠٠ص], الأحد:[٣:٠٠م-١٢:٠٠ص], الاثنين:[٣:٠٠م-١٢:٠٠ص]",https://lh5.googleusercontent.com/p/AF1QipPw2_GCE0rtvF3blJOY3CI2qh82l-hnpFNxJ1hu=w80-h106-k-no,ChIJHT2qFaBAWBQRTSPG60hAehw
مطعم زين الشام,,"بجانب ابو طاهر الكلابي السياحي, 133 الجيش، الشمكري، باب الشعرية، محافظة القاهرة‬ 4333001",بجانب ابو طاهر الكلابي السياحي,باب الشعرية,مطعم مأكولات سورية,,"0115 845 2277, +20 115 845 2277",,164,4.3,https://search.google.com/local/reviews?placeid=ChIJU1Pm2ctBWBQRdSUTEpXXGIs&q=restaurants+%D8%A8%D8%A7%D9%84%D9%82%D8%B1%D8%A8+%D9%85%D9%86+Cairo&authuser=0&hl=ar&gl=EG,https://www.google.com/maps?cid=10022998005966382453,10022998005966382453,https://www.google.com/search?kgmid=/g/11fltf3436&kponly,/g/11fltf3436,30.0563315,31.258887299999998,https://www.facebook.com/ZiennALShamm,facebook.com,"الثلاثاء:[١١:٠٠ص-٢:٠٠ص], الأربعاء:[١١:٠٠ص-٢:٠٠ص], الخميس:[١١:٠٠ص-٢:٠٠ص], الجمعة:[١١:٠٠ص-٢:٠٠ص], السبت:[١١:٠٠ص-٢:٠٠ص], الأحد:[١١:٠٠ص-٢:٠٠ص], الاثنين:[١١:٠٠ص-٢:٠٠ص]",https://lh5.googleusercontent.com/p/AF1QipPe-2mA_5N9waGkLVR8aLOoq2Sza6R1qfWcRF96=w131-h92-k-no,ChIJU1Pm2ctBWBQRdSUTEpXXGIs
La Zisa,,1189 كورنيش النيل، بولاق5، بولاق، محافظة القاهرة‬ 4311102,1189 كورنيش النيل,بولاق,مطعم مأكولات إيطالية,,"0100 677 2264, +20 100 677 2264",,33,4.1,https://search.google.com/local/reviews?placeid=ChIJg5Ve7mdBWBQRWQjEFByrCoI&q=restaurants+%D8%A8%D8%A7%D9%84%D9%82%D8%B1%D8%A8+%D9%85%D9%86+Cairo&authuser=0&hl=ar&gl=EG,https://www.google.com/maps?cid=9370490111793563737,9370490111793563737,https://www.google.com/search?kgmid=/g/11qqv37f90&kponly,/g/11qqv37f90,30.062995599999997,31.227362099999997,https://www.marriott.com/hotels/hotel-information/restaurant/caixr-the-st-regis-cairo/,marriott.com,"الثلاثاء:[٦:٠٠ص-١١:٣٠م], الأربعاء:[٦:٠٠ص-١١:٣٠م], الخميس:[٦:٠٠ص-١١:٣٠م], الجمعة:[٦:٠٠ص-١١:٣٠م], السبت:[٦:٠٠ص-١١:٣٠م], الأحد:[٦:٠٠ص-١١:٣٠م], الاثنين:[٦:٠٠ص-١١:٣٠م]",https://lh5.googleusercontent.com/p/AF1QipNvhRIkMjgNYYOhgFKHBZ80LZIlHc3c5-RX--rw=w139-h92-k-no,ChIJg5Ve7mdBWBQRWQjEFByrCoI
الباشا 1901,,Saray El Gezirah Street، الخليج، الزمالك، محافظة القاهرة‬,Saray El Gezirah Street,الزمالك,"مطعم, قاعة حفلات, بار مشروبات, مطعم مأكولات هندية, مطعم المأكولات اليابانية الأصيلة, مطعم مأكولات الشرق الأوسط, مطعم فرنسي رفيع المستوى, قاعة زفاف, مطعم المأكولات الغربية",,"02 27356730, +20 2 27356730",,5091,4.3,https://search.google.com/local/reviews?placeid=ChIJ7WPQutxAWBQR2IwZ_u-dROs&q=restaurants+%D8%A8%D8%A7%D9%84%D9%82%D8%B1%D8%A8+%D9%85%D9%86+Cairo&authuser=0&hl=ar&gl=EG,https://www.google.com/maps?cid=16952848551415221464,16952848551415221464,https://www.google.com/search?kgmid=/g/1tff00lr&kponly,/g/1tff00lr,30.051787599999997,31.2277776,http://www.lepacha.com/,lepacha.com,"الثلاثاء:[١:٠٠م-٢:٠٠ص], الأربعاء:[١:٠٠م-٢:٠٠ص], الخميس:[١:٠٠م-٢:٠٠ص], الجمعة:[١:٠٠م-٢:٠٠ص], السبت:[١:٠٠م-٢:٠٠ص], الأحد:[١:٠٠م-٢:٠٠ص], الاثنين:[١:٠٠م-٢:٠٠ص]",https://lh5.googleusercontent.com/p/AF1QipPKZTS6EyzmqaD8PGyydulDdfyDA2OGKzbpKFbt=w141-h92-k-no,ChIJ7WPQutxAWBQR2IwZ_u-dROs
مطاعم أولاد صادق,,117، محافظة القاهرة‬ 11558,117,قسم الجمالية,"مطعم, مطعم وجبات سريعة",,"0106 410 6137, +20 106 410 6137",,1310,4.1,https://search.google.com/local/reviews?placeid=ChIJoQSTrvJBWBQRgXpGu_zzim8&q=restaurants+%D8%A8%D8%A7%D9%84%D9%82%D8%B1%D8%A8+%D9%85%D9%86+Cairo&authuser=0&hl=ar&gl=EG,https://www.google.com/maps?cid=8037504751795337857,8037504751795337857,https://www.google.com/search?kgmid=/g/11h21zhc85&kponly,/g/11h21zhc85,30.0555073,31.2583861,https://www.instagram.com/sadeksons_eg/,instagram.com,"الثلاثاء:[١:٠٠م-٤:٠٠ص], الأربعاء:[١:٠٠م-٤:٠٠ص], الخميس:[١:٠٠م-٤:٠٠ص], الجمعة:[١:٠٠م-٤:٠٠ص], السبت:[١:٠٠م-٤:٠٠ص], الأحد:[١:٠٠م-٤:٠٠ص], الاثنين:[١:٠٠م-٤:٠٠ص]",https://lh5.googleusercontent.com/p/AF1QipN5ckNBHz3Z5w2iuunf6rXUQUqtPTX7ZjvFmwXV=w122-h92-k-no,ChIJoQSTrvJBWBQRgXpGu_zzim8
Felfela,,"قصر النيل, 15 شارع هدى شعراوي، باب اللوق، قسم, محافظة القاهرة‬ 4280121",قصر النيل,قسم,"مطعم مأكولات مصرية, مطعم مأكولات دول البحر المتوسط",,"02 23955557, +20 2 23955557",,1018,3.8,https://search.google.com/local/reviews?placeid=ChIJn7EzyYRBWBQRikTixdQVLTU&q=restaurants+%D8%A8%D8%A7%D9%84%D9%82%D8%B1%D8%A8+%D9%85%D9%86+Cairo&authuser=0&hl=ar&gl=EG,https://www.google.com/maps?cid=3831742861559350410,3831742861559350410,https://www.google.com/search?kgmid=/g/1tdz23f3&kponly,/g/1tdz23f3,30.0465539,31.237955,http://www.felfelaegypt.com/,felfelaegypt.com,"الثلاثاء:[١٠:٠٠ص-١١:٠٠م], الأربعاء:[١٠:٠٠ص-١١:٠٠م], الخميس:[١٠:٠٠ص-١١:٠٠م], الجمعة:[١٠:٠٠ص-١١:٠٠م], السبت:[١٠:٠٠ص-١١:٠٠م], الأحد:[١٠:٠٠ص-١١:٠٠م], الاثنين:[١٠:٠٠ص-١١:٠٠م]",https://lh5.googleusercontent.com/p/AF1QipMgD2WkETfpapo5KYUOgGmTgnSugxuQD8jOduzv=w138-h92-k-no,ChIJn7EzyYRBWBQRikTixdQVLTU
صبايا العتموني,,Corniche El Nil،Qasr، Ad Dobarah، قسم قصر النيل، محافظة القاهرة‬ 11511,Corniche El Nil،Qasr,قسم قصر النيل,مطعم مأكولات لبنانية,,"02 27988000, +20 2 27988000",,207,4.2,https://search.google.com/local/reviews?placeid=ChIJDWf7Es9AWBQRhxX4Xb-sVEU&q=restaurants+%D8%A8%D8%A7%D9%84%D9%82%D8%B1%D8%A8+%D9%85%D9%86+Cairo&authuser=0&hl=ar&gl=EG,https://www.google.com/maps?cid=4995807824575993223,4995807824575993223,https://www.google.com/search?kgmid=/g/1tf12w8s&kponly,/g/1tf12w8s,30.0428262,31.232350999999998,https://www.ihg.com/intercontinental/hotels/gb/en/cairo/croha/hoteldetail,ihg.com,"الثلاثاء:[١٢:٠٠م-١:٠٠ص], الأربعاء:[١٢:٠٠م-١:٠٠ص], الخميس:[١٢:٠٠م-١:٠٠ص], الجمعة:[١٢:٠٠م-١:٠٠ص], السبت:[١٢:٠٠م-١:٠٠ص], الأحد:[١٢:٠٠م-١:٠٠ص], الاثنين:[١٢:٠٠م-١:٠٠ص]",https://lh5.googleusercontent.com/p/AF1QipM_SpoYiCSvYMcwcKhmxvBia6N-4vCA4bBY5kST=w137-h92-k-no,ChIJDWf7Es9AWBQRhxX4Xb-sVEU
مطعم وكافيه اللورد,,3736+7XG، الضببيه، الجمالية، قسم الجمالية، محافظة القاهرة‬ 4331405,3736+7XG,قسم الجمالية,"مطعم مأكولات ومشروبات, مطعم",,"0122 446 6109, +20 122 446 6109",,2156,3.9,https://search.google.com/local/reviews?placeid=ChIJpXdg9p1AWBQR_fTXOpU4NO4&q=restaurants+%D8%A8%D8%A7%D9%84%D9%82%D8%B1%D8%A8+%D9%85%D9%86+Cairo&authuser=0&hl=ar&gl=EG,https://www.google.com/maps?cid=17164406293404316925,17164406293404316925,https://www.google.com/search?kgmid=/g/11cn9tfzym&kponly,/g/11cn9tfzym,30.053192199999998,31.2624657,,,"الثلاثاء:[نعمل على مدار 24 ساعة], الأربعاء:[نعمل على مدار 24 ساعة], الخميس:[نعمل على مدار 24 ساعة], الجمعة:[نعمل على مدار 24 ساعة], السبت:[نعمل على مدار 24 ساعة], الأحد:[نعمل على مدار 24 ساعة], الاثنين:[نعمل على مدار 24 ساعة]",https://lh5.googleusercontent.com/p/AF1QipPvuAsW2oZy2BeJ0kNtwIN40nYfDOIfcOsUWHRB=w80-h106-k-no,ChIJpXdg9p1AWBQR_fTXOpU4NO4
مطعم الباشا,,5 ش علوة فارس، درب الأقماعية، باب الشعرية، محافظة القاهرة‬ 4330353,5 ش علوة فارس,باب الشعرية,مطعم,,,,85,3.7,https://search.google.com/local/reviews?placeid=ChIJ-wyUFY9AWBQR1gBwCsBshYk&q=restaurants+%D8%A8%D8%A7%D9%84%D9%82%D8%B1%D8%A8+%D9%85%D9%86+Cairo&authuser=0&hl=ar&gl=EG,https://www.google.com/maps?cid=9909446127163277526,9909446127163277526,https://www.google.com/search?kgmid=/g/1tdt3f6g&kponly,/g/1tdt3f6g,30.0585949,31.259432099999998,,,"الثلاثاء:[نعمل على مدار 24 ساعة], الأربعاء:[نعمل على مدار 24 ساعة], الخميس:[نعمل على مدار 24 ساعة], الجمعة:[نعمل على مدار 24 ساعة], السبت:[نعمل على مدار 24 ساعة], الأحد:[نعمل على مدار 24 ساعة], الاثنين:[نعمل على مدار 24 ساعة]",https://lh5.googleusercontent.com/p/AF1QipP0hw7ZR25aTjKSp0Z44vAXwZ2AAEBLePPcDu3n=w163-h92-k-no,ChIJ-wyUFY9AWBQR1gBwCsBshYk
فسحة سمية,,59 شارع الفلكي، باب اللوق، عابدين، محافظة القاهرة‬ 4280123,59 شارع الفلكي,عابدين,مطعم أطباق اللحوم,,"0100 847 0614, +20 100 847 0614",,622,4.4,https://search.google.com/local/reviews?placeid=ChIJw6n9e8dAWBQR41_00fj9Dqk&q=restaurants+%D8%A8%D8%A7%D9%84%D9%82%D8%B1%D8%A8+%D9%85%D9%86+Cairo&authuser=0&hl=ar&gl=EG,https://www.google.com/maps?cid=12181953287199940579,12181953287199940579,https://www.google.com/search?kgmid=/g/11bzywfbbj&kponly,/g/11bzywfbbj,30.0456905,31.2402581,https://www.facebook.com/FasahetSomaya/,facebook.com,"الثلاثاء:[٥:٠٠-٧:٠٠م], الأربعاء:[٥:٠٠-٧:٠٠م], الخميس:[٥:٠٠-٧:٠٠م], الجمعة:[٥:٠٠-٧:٠٠م], السبت:[مغلق], الأحد:[٥:٠٠-٧:٠٠م], الاثنين:[٥:٠٠-٧:٠٠م]",https://lh5.googleusercontent.com/p/AF1QipNfHeq78y78mxsL7sEGFTAlbUW5UxmDXXB4a-d6=w122-h92-k-no,ChIJw6n9e8dAWBQR41_00fj9Dqk
ZEEYARA Restaurant,,In front of Bayt، 114 المعز لدين الله الفاطمي، Al Suhaymi، قسم الجمالية، محافظة القاهرة‬ 11621,In front of Bayt,قسم الجمالية,مطعم,,"0105 019 5658, +20 105 019 5658",,26,4.5,https://search.google.com/local/reviews?placeid=ChIJu7w5ZCxBWBQRu1qGUsu_cb8&q=restaurants+%D8%A8%D8%A7%D9%84%D9%82%D8%B1%D8%A8+%D9%85%D9%86+Cairo&authuser=0&hl=ar&gl=EG,https://www.google.com/maps?cid=13795018013596342971,13795018013596342971,https://www.google.com/search?kgmid=/g/11q838xb83&kponly,/g/11q838xb83,30.0522256,31.261787899999998,https://www.facebook.com/zeeyara.restaurant,facebook.com,"الثلاثاء:[٧:٠٠ص-١:٠٠ص], الأربعاء:[٧:٠٠ص-١:٠٠ص], الخميس:[٧:٠٠ص-١:٠٠ص], الجمعة:[٧:٠٠ص-١:٠٠ص], السبت:[٧:٠٠ص-١:٠٠ص], الأحد:[٧:٠٠ص-١:٠٠ص], الاثنين:[٧:٠٠ص-١:٠٠ص]",https://lh5.googleusercontent.com/p/AF1QipMjXu41BuEWt3a0n2t-_RkDdGstsQPSiOOC3Z-6=w122-h92-k-no,ChIJu7w5ZCxBWBQRu1qGUsu_cb8
لا بالميري - مطعم مغربي,,"3 el Thawra council street, sofitel el gezirah, zamalek، محافظة القاهرة‬ 11518","3 el Thawra council street, sofitel el gezirah, zamalek",الزمالك,مطعم,,"02 27373737, +20 2 27373737",,498,4,https://search.google.com/local/reviews?placeid=ChIJedmHctNAWBQR_j4ijAIJ8xU&q=restaurants+%D8%A8%D8%A7%D9%84%D9%82%D8%B1%D8%A8+%D9%85%D9%86+Cairo&authuser=0&hl=ar&gl=EG,https://www.google.com/maps?cid=1581617800682815230,1581617800682815230,https://www.google.com/search?kgmid=/g/1tcy1lxj&kponly,/g/1tcy1lxj,30.0387141,31.224787,https://restaurants.accor.com/gb/restaurant-5307_R003-la-palmeraie-cairo.shtml,restaurants.accor.com,"الثلاثاء:[٥:٠٠م-٣:٠٠ص], الأربعاء:[٥:٠٠م-٣:٠٠ص], الخميس:[٥:٠٠م-٣:٠٠ص], الجمعة:[٥:٠٠م-٣:٠٠ص], السبت:[٥:٠٠م-٣:٠٠ص], الأحد:[٥:٠٠م-٣:٠٠ص], الاثنين:[٥:٠٠م-٣:٠٠ص]",https://lh5.googleusercontent.com/p/AF1QipNAnQ4tJjWocebWacZt4YlzRuxR0I64Y-axmERJ=w151-h92-k-no,ChIJedmHctNAWBQR_j4ijAIJ8xU
جايدا نايل تراس,,"1191 كورنيش النيل، سوق العصر, El Nil، محافظة القاهرة‬ 11412",1191 كورنيش النيل,El Nil,"مطعم مأكولات لبنانية, بار آند جريل, صالات",,,,238,4.2,https://search.google.com/local/reviews?placeid=ChIJH6kLneVAWBQRRKKinchcLto&q=restaurants+%D8%A8%D8%A7%D9%84%D9%82%D8%B1%D8%A8+%D9%85%D9%86+Cairo&authuser=0&hl=ar&gl=EG,https://www.google.com/maps?cid=15721605365904876100,15721605365904876100,https://www.google.com/search?kgmid=/g/1w0dk5r_&kponly,/g/1w0dk5r_,30.0647791,31.227790799999998,,,"الثلاثاء:[٣:٠٠م-٢:٠٠ص], الأربعاء:[٣:٠٠م-٢:٠٠ص], الخميس:[٣:٠٠م-٢:٠٠ص], الجمعة:[٣:٠٠م-٢:٠٠ص], السبت:[٣:٠٠م-٢:٠٠ص], الأحد:[٣:٠٠م-١٢:٠٠ص], الاثنين:[٣:٠٠م-٢:٠٠ص]",https://lh5.googleusercontent.com/p/AF1QipOR5JnQQbouu0bSxX5JQz4ObDr13WlfaGp50YXM=w118-h92-k-no,ChIJH6kLneVAWBQRRKKinchcLto
نايل سيتي العائمة,,"River Street - Zamalek القاهرة, 11432",River Street - Zamalek القاهرة,الزمالك,"مطعم الباخرة, مطعم",,,,3484,4.4,https://search.google.com/local/reviews?placeid=ChIJfWQH8idBWBQRk9b5guaTIEI&q=restaurants+%D8%A8%D8%A7%D9%84%D9%82%D8%B1%D8%A8+%D9%85%D9%86+Cairo&authuser=0&hl=ar&gl=EG,https://www.google.com/maps?cid=4764971024007157395,4764971024007157395,https://www.google.com/search?kgmid=/g/1tdjfdy7&kponly,/g/1tdjfdy7,30.0483019,31.2283641,,,"الثلاثاء:[١١:٠٠ص-٣:٠٠ص], الأربعاء:[١١:٠٠ص-٣:٠٠ص], الخميس:[١١:٠٠ص-٣:٠٠ص], الجمعة:[١١:٠٠ص-٣:٠٠ص], السبت:[١١:٠٠ص-٣:٠٠ص], الأحد:[١١:٠٠ص-٣:٠٠ص], الاثنين:[١١:٠٠ص-٣:٠٠ص]",https://lh5.googleusercontent.com/p/AF1QipM-cYvW7xAg-jPO1KFpSzWk68TghUv-I82K1JGI=w80-h106-k-no,ChIJfWQH8idBWBQRk9b5guaTIEI
Culina,,"1113 كورنيش النيل, El Nil, DownTown، محافظة القاهرة‬ 4272080",1113 كورنيش النيل,DownTown,مطعم,,"0127 723 3582, +20 127 723 3582",,71,4.6,https://search.google.com/local/reviews?placeid=ChIJQ-wuz49BWBQR1hq-BocOVbM&q=restaurants+%D8%A8%D8%A7%D9%84%D9%82%D8%B1%D8%A8+%D9%85%D9%86+Cairo&authuser=0&hl=ar&gl=EG,https://www.google.com/maps?cid=12922250678906002134,12922250678906002134,https://www.google.com/search?kgmid=/g/11h0bkp3bh&kponly,/g/11h0bkp3bh,30.045664799999997,31.2329054,http://www.ritzcarlton.com/en/hotels/middle-east/cairo/dining/culina,ritzcarlton.com,"الثلاثاء:[٦:٣٠-١١:٠٠ص], الأربعاء:[٦:٣٠-١١:٠٠ص], الخميس:[٦:٣٠-١١:٠٠ص], الجمعة:[٦:٣٠-١١:٠٠ص], السبت:[٦:٣٠-١١:٠٠ص], الأحد:[٦:٣٠-١١:٠٠ص], الاثنين:[٦:٣٠ص-١١:٠٠م]",https://lh5.googleusercontent.com/p/AF1QipPNxnzxGFVAWKXSYMj0Cxo8iFBHfs7c43aeaT6u=w80-h142-k-no,ChIJQ-wuz49BWBQR1hq-BocOVbM
ايجبشيان نيتس,,"Cairo Marriott Hotel - 16 Saray El, الجزيره، الزمالك، محافظة القاهرة‬ 11211",Cairo Marriott Hotel - 16 Saray El,الزمالك,مطعم مأكولات مصرية,,"02 27283000 ext. 8595, +20 2 27283000 ext. 8595",,101,4,https://search.google.com/local/reviews?placeid=ChIJy73fid1AWBQR9Glt8HWjxMU&q=restaurants+%D8%A8%D8%A7%D9%84%D9%82%D8%B1%D8%A8+%D9%85%D9%86+Cairo&authuser=0&hl=ar&gl=EG,https://www.google.com/maps?cid=14250694847847295476,14250694847847295476,https://www.google.com/search?kgmid=/g/1s04f2z74&kponly,/g/1s04f2z74,30.056865199999997,31.2243188,https://www.marriott.com/hotels/hotel-information/restaurant/caieg-cairo-marriott-hotel-and-omar-khayyam-casino/,marriott.com,"الثلاثاء:[٦:٠٠م-١٢:٠٠ص], الأربعاء:[٦:٠٠م-١٢:٠٠ص], الخميس:[٦:٠٠م-١٢:٠٠ص], الجمعة:[٦:٠٠م-١٢:٠٠ص], السبت:[٦:٠٠م-١٢:٠٠ص], الأحد:[٦:٠٠م-١٢:٠٠ص], الاثنين:[٦:٠٠م-١٢:٠٠ص]",https://lh5.googleusercontent.com/p/AF1QipMOoH6NNJaLgBKVe_zpV9imC-oi7zLNCbqoxj_w=w80-h106-k-no,ChIJy73fid1AWBQR9Glt8HWjxMU
مطعم ستوديو مصر,,الدرب الأحمر، محافظة القاهرة‬ 4294010,الدرب الأحمر,الدرب الأحمر,مطعم أطباق اللحوم,,"0111 012 4034, +20 111 012 4034",,670,3.8,https://search.google.com/local/reviews?placeid=ChIJM2yl6F4_WBQRG1u1Vg5DCC0&q=restaurants+%D8%A8%D8%A7%D9%84%D9%82%D8%B1%D8%A8+%D9%85%D9%86+Cairo&authuser=0&hl=ar&gl=EG,https://www.google.com/maps?cid=3244917260383771419,3244917260383771419,https://www.google.com/search?kgmid=/g/1th89943&kponly,/g/1th89943,30.0422524,31.2659751,,,"الثلاثاء:[٩:٠٠ص-١٢:٠٠ص], الأربعاء:[٩:٠٠ص-١٢:٠٠ص], الخميس:[٩:٠٠ص-١٢:٠٠ص], الجمعة:[٩:٠٠ص-١٢:٠٠ص], السبت:[٩:٠٠ص-١٢:٠٠ص], الأحد:[٩:٠٠ص-١٢:٠٠ص], الاثنين:[٩:٠٠ص-١٢:٠٠ص]",https://lh5.googleusercontent.com/p/AF1QipN-gHQBJxWieBwvPzUfoEnUf9OC4HWjgqSUNETU=w122-h92-k-no,ChIJM2yl6F4_WBQRG1u1Vg5DCC0
مطعم مستيقه,,الجزيره، الزمالك، محافظة القاهرة‬ 11561,الجزيره,الزمالك,مطعم وجبات سريعة,,"0114 000 0044, +20 114 000 0044",,29,4.4,https://search.google.com/local/reviews?placeid=ChIJJxS2PlkiWBQR34aRldAjTBg&q=restaurants+%D8%A8%D8%A7%D9%84%D9%82%D8%B1%D8%A8+%D9%85%D9%86+Cairo&authuser=0&hl=ar&gl=EG,https://www.google.com/maps?cid=1750813733909792479,1750813733909792479,https://www.google.com/search?kgmid=/g/11f1lwkdxj&kponly,/g/11f1lwkdxj,30.0500764,31.227635,https://www.elmenus.com/cairo/mistiqa--oway,elmenus.com,"الثلاثاء:[١٠:٠٠ص-٢:٠٠ص], الأربعاء:[١٠:٠٠ص-٢:٠٠ص], الخميس:[١٠:٠٠ص-٢:٠٠ص], الجمعة:[١٠:٠٠ص-٢:٠٠ص], السبت:[١٠:٠٠ص-٢:٠٠ص], الأحد:[١٠:٠٠ص-٢:٠٠ص], الاثنين:[١٠:٠٠ص-٢:٠٠ص]",https://lh5.googleusercontent.com/p/AF1QipP2MGPtMuvzq87dEDvUL1gzGZLDIJNDhULL_Oef=w163-h92-k-no,ChIJJxS2PlkiWBQR34aRldAjTBg
بانى فينو,,"InterContinental Semiramis, كورنيش النيل، قصر الدوبارة، El Nile, محافظة القاهرة‬ 11511",InterContinental Semiramis,El Nile,مطعم مأكولات إيطالية,,"02 27988000, +20 2 27988000",,340,4.3,https://search.google.com/local/reviews?placeid=ChIJrwVWEs9AWBQRuw_v6ZU70lc&q=restaurants+%D8%A8%D8%A7%D9%84%D9%82%D8%B1%D8%A8+%D9%85%D9%86+Cairo&authuser=0&hl=ar&gl=EG,https://www.google.com/maps?cid=6328185941469892539,6328185941469892539,https://www.google.com/search?kgmid=/g/1tfhjlkm&kponly,/g/1tfhjlkm,30.0432684,31.2320642,https://digital.ihg.com/is/content/ihg/CROHA/intercontinental-cairo-6608715444-original.pdf,digital.ihg.com,"الثلاثاء:[١٢:٣٠م-١:٠٠ص], الأربعاء:[١٢:٣٠م-١:٠٠ص], الخميس:[١٢:٣٠م-١:٠٠ص], الجمعة:[١٢:٣٠م-١:٠٠ص], السبت:[١٢:٣٠م-١:٠٠ص], الأحد:[١٢:٣٠م-١:٠٠ص], الاثنين:[١٢:٣٠م-١:٠٠ص]",https://lh5.googleusercontent.com/p/AF1QipOdvvdt8sVr2rebYo8FG64W0x_-cjO20vxac76S=w125-h92-k-no,ChIJrwVWEs9AWBQRuw_v6ZU70lc
Bab El-Sharq,,قصر النيل، كورنيش النيل، الإسماعيلية، قسم قصر النيل، محافظة القاهرة‬ 11221,قصر النيل,قسم قصر النيل,"مطعم مأكولات لبنانية, مطعم مأكولات الشرق الأوسط",,"0127 723 3582, +20 127 723 3582",,241,4.1,https://search.google.com/local/reviews?placeid=ChIJFzoUxsVAWBQRCWhrYnVQgXY&q=restaurants+%D8%A8%D8%A7%D9%84%D9%82%D8%B1%D8%A8+%D9%85%D9%86+Cairo&authuser=0&hl=ar&gl=EG,https://www.google.com/maps?cid=8539194833563772937,8539194833563772937,https://www.google.com/search?kgmid=/g/11cppchj62&kponly,/g/11cppchj62,30.0454905,31.232190199999998,http://www.ritzcarlton.com/en/hotels/middle-east/cairo/dining/bab-el-sharq,ritzcarlton.com,"الثلاثاء:[٥:٠٠م-١:٣٠ص], الأربعاء:[٥:٠٠م-١:٣٠ص], الخميس:[٥:٠٠م-١:٣٠ص], الجمعة:[١:٣٠-٥:٣٠م], السبت:[٥:٠٠م-١:٣٠ص], الأحد:[٥:٠٠م-١:٣٠ص], الاثنين:[٥:٠٠م-١:٣٠ص]",https://lh5.googleusercontent.com/p/AF1QipPw5J1Y51K91NhCvUI5RLJiPIXXwMlyWvbkeiLi=w122-h92-k-no,ChIJFzoUxsVAWBQRCWhrYnVQgXY
Cairo Kitchen zamalek,,العزيز عثمان، الجبلاية، الزمالك، محافظة القاهرة‬ 4270131,العزيز عثمان,الزمالك,"مطعم مأكولات مصرية, مطعم",,"02 27354000, +20 2 27354000",,453,4.1,https://search.google.com/local/reviews?placeid=ChIJw89c3eBAWBQRKBsz3JLhrD4&q=restaurants+%D8%A8%D8%A7%D9%84%D9%82%D8%B1%D8%A8+%D9%85%D9%86+Cairo&authuser=0&hl=ar&gl=EG,https://www.google.com/maps?cid=4516232547221576488,4516232547221576488,https://www.google.com/search?kgmid=/g/11_sdjfyv&kponly,/g/11_sdjfyv,30.0600201,31.2210672,https://www.facebook.com/CairoKitchen/,facebook.com,"الثلاثاء:[١٢:٠٠م-١٢:٠٠ص], الأربعاء:[١٢:٠٠م-١٢:٠٠ص], الخميس:[١٢:٠٠م-١٢:٠٠ص], الجمعة:[١٢:٠٠م-١٢:٠٠ص], السبت:[١٢:٠٠م-١٢:٠٠ص], الأحد:[١٢:٠٠م-١٢:٠٠ص], الاثنين:[١٢:٠٠م-١٢:٠٠ص]",https://lh5.googleusercontent.com/p/AF1QipMPReFuWf_RBQAH2fJrhmIgSKrHSlFivtoQ_kiX=w92-h92-k-no,ChIJw89c3eBAWBQRKBsz3JLhrD4
مطعم تبوله,مطعم لبناني مريح ولاونج نرجيلة,المستشار، 1 Latin America St شارع، محمود فهمي,المستشار,قسم قصر النيل,"مطعم مأكولات لبنانية, مطعم",,"02 27925261, +20 2 27925261",,2229,4.2,https://search.google.com/local/reviews?placeid=ChIJISCso85AWBQRwdMEZdCXjp8&q=restaurants+%D8%A8%D8%A7%D9%84%D9%82%D8%B1%D8%A8+%D9%85%D9%86+Cairo&authuser=0&hl=ar&gl=EG,https://www.google.com/maps?cid=11497293820027261889,11497293820027261889,https://www.google.com/search?kgmid=/g/1tf9kkg_&kponly,/g/1tf9kkg_,30.039877099999998,31.2327196,http://www.taboula-eg.com/,taboula-eg.com,"الثلاثاء:[١١:٠٠ص-١:٠٠ص], الأربعاء:[١١:٠٠ص-١:٠٠ص], الخميس:[١١:٠٠ص-١:٠٠ص], الجمعة:[١٢:٠٠م-١٢:٣٠ص], السبت:[١٢:٠٠م-١٢:٠٠ص], الأحد:[١٢:٠٠م-١:٠٠ص], الاثنين:[١١:٠٠ص-١:٠٠ص]",https://lh5.googleusercontent.com/p/AF1QipPfVke5KkirwZklNewMp5nzzzLk5-UscreYokPq=w163-h92-k-no,ChIJISCso85AWBQRwdMEZdCXjp8
مطعم وكافيه اولدش,مكان مريح يقدّم مأكولات عالمية غنية,خلف الجريك كامبس، 20 شارع محمد محمود، عابدين، محافظة القاهرة‬,خلف الجريك كامبس,عابدين,"مطعم, مقهى",,"0106 011 9488, +20 106 011 9488",,4712,4.2,https://search.google.com/local/reviews?placeid=ChIJ8wKg4MdAWBQRYW3aFRDiVaE&q=restaurants+%D8%A8%D8%A7%D9%84%D9%82%D8%B1%D8%A8+%D9%85%D9%86+Cairo&authuser=0&hl=ar&gl=EG,https://www.google.com/maps?cid=11625446571840793953,11625446571840793953,https://www.google.com/search?kgmid=/g/11cmb36tsf&kponly,/g/11cmb36tsf,30.043267099999998,31.2385642,https://www.facebook.com/oldisheg/,facebook.com,"الثلاثاء:[٨:٠٠ص-١٢:٠٠ص], الأربعاء:[٨:٠٠ص-١٢:٠٠ص], الخميس:[٨:٠٠ص-١٢:٠٠ص], الجمعة:[٨:٠٠ص-١٢:٠٠ص], السبت:[٨:٠٠ص-١٢:٠٠ص], الأحد:[٨:٠٠ص-١٢:٠٠ص], الاثنين:[٨:٠٠ص-١٢:٠٠ص]",https://lh5.googleusercontent.com/p/AF1QipNmgFEq8tFf0wgWJXKub2_Hyz0wfvLLXNI6C9ze=w122-h92-k-no,ChIJ8wKg4MdAWBQRYW3aFRDiVaE
Bullona Cairo,,1089 كورنيش النيل، قسم قصر النيل، محافظة القاهرة‬ 11519,1089 كورنيش النيل,قسم قصر النيل,"مطعم مأكولات دول البحر المتوسط, مطعم راقٍ",,"02 27917000, +20 2 27917000",,26,3.6,https://search.google.com/local/reviews?placeid=ChIJWxSH-q1BWBQRy-LBejnyypA&q=restaurants+%D8%A8%D8%A7%D9%84%D9%82%D8%B1%D8%A8+%D9%85%D9%86+Cairo&authuser=0&hl=ar&gl=EG,https://www.google.com/maps?cid=10433417815443759819,10433417815443759819,https://www.google.com/search?kgmid=/g/11j0hhc5zx&kponly,/g/11j0hhc5zx,30.036236199999998,31.229456799999998,https://www.fourseasons.com/caironp/dining/restaurants/bullona/?seo=google_local_cai12_,fourseasons.com,"الثلاثاء:[٧:٠٠م-١:٠٠ص], الأربعاء:[٧:٠٠م-١:٠٠ص], الخميس:[٧:٠٠م-١:٠٠ص], الجمعة:[٧:٠٠م-١:٠٠ص], السبت:[٧:٠٠م-١:٠٠ص], الأحد:[مغلق], الاثنين:[مغلق]",https://lh5.googleusercontent.com/p/AF1QipM6zJxnsYJzYeY8dIEoHDj19c4YChDMnrh7-HHk=w137-h92-k-no,ChIJWxSH-q1BWBQRy-LBejnyypA
Old Cairo Restaurant & Café,,20 ماري جرجس، الكفور، قسم مصر القديمة، محافظة القاهرة‬ 4244101,20 ماري جرجس,قسم مصر القديمة,مطعم,,"0110 260 7892, +20 110 260 7892",,214,4.3,https://search.google.com/local/reviews?placeid=ChIJ15kbwxBHWBQR3o2O-mgxDMs&q=restaurants+%D8%A8%D8%A7%D9%84%D9%82%D8%B1%D8%A8+%D9%85%D9%86+Cairo&authuser=0&hl=ar&gl=EG,https://www.google.com/maps?cid=14631123616369905118,14631123616369905118,https://www.google.com/search?kgmid=/g/11c1df4bhj&kponly,/g/11c1df4bhj,30.0076528,31.2301826,,,"الثلاثاء:[٧:٢٠ص-٦:٠٠م], الأربعاء:[٧:٢٠ص-٦:٠٠م], الخميس:[٧:٢٠ص-٦:٠٠م], الجمعة:[٧:٢٠ص-٦:٠٠م], السبت:[٧:٢٠ص-٦:٠٠م], الأحد:[٧:٢٠ص-٦:٠٠م], الاثنين:[٧:٢٠ص-٦:٠٠م]",https://lh5.googleusercontent.com/p/AF1QipPm8BighKp2YpExWz_Z8kWqvXdm7gTMd4BacAXS=w163-h92-k-no,ChIJ15kbwxBHWBQR3o2O-mgxDMs
مطعم وحديقه الجريون,,"8 Kasr Al Nile Beside Egyptian Museum & Steigenberger Hotel, التحرير، محافظة القاهرة‬",8 Kasr Al Nile Beside Egyptian Museum & Steigenberger Hotel,قسم قصر النيل,مطعم راقٍ,,"02 25743114, +20 2 25743114",,727,4,https://search.google.com/local/reviews?placeid=ChIJnQo4x89AWBQRiZmGrvOQC-g&q=restaurants+%D8%A8%D8%A7%D9%84%D9%82%D8%B1%D8%A8+%D9%85%D9%86+Cairo&authuser=0&hl=ar&gl=EG,https://www.google.com/maps?cid=16720617417822607753,16720617417822607753,https://www.google.com/search?kgmid=/g/1tdnt5h0&kponly,/g/1tdnt5h0,30.047342999999998,31.2370478,https://www.facebook.com/profile.php?id=100019062660673,facebook.com,"الثلاثاء:[١٠:٠٠ص-١:٠٠ص], الأربعاء:[١٠:٠٠ص-١:٠٠ص], الخميس:[١٠:٠٠ص-١:٠٠ص], الجمعة:[١٠:٠٠ص-١:٠٠ص], السبت:[١٠:٠٠ص-١:٠٠ص], الأحد:[١٠:٠٠ص-١:٠٠ص], الاثنين:[١٢:٠٠م-١:٠٠ص]",https://lh5.googleusercontent.com/p/AF1QipOet__KKjC7e03AJOWNFytJUR9gDSL5rTQY5djw=w189-h92-k-no,ChIJnQo4x89AWBQRiZmGrvOQC-g
مطعم زيتوني,مطعم راقٍ يطل على النيل,1089 كورنيش النيل، قسم قصر النيل، محافظة القاهرة‬ 11519,1089 كورنيش النيل,قسم قصر النيل,"مطعم مأكولات مصرية, مطعم للإفطار, مطعم إفطار متأخر, مطعم راقٍ",,"02 27916877, +20 2 27916877",,883,4.6,https://search.google.com/local/reviews?placeid=ChIJU9kcR81AWBQRCJeG2a-LVOk&q=restaurants+%D8%A8%D8%A7%D9%84%D9%82%D8%B1%D8%A8+%D9%85%D9%86+Cairo&authuser=0&hl=ar&gl=EG,https://www.google.com/maps?cid=16813216896265918216,16813216896265918216,https://www.google.com/search?kgmid=/g/1thjqgnd&kponly,/g/1thjqgnd,30.036236199999998,31.229456799999998,https://www.fourseasons.com/caironp/dining/restaurants/zitouni/?seo=google_local_cai4_emea,fourseasons.com,"الثلاثاء:[٦:٠٠-١١:٣٠ص], الأربعاء:[٦:٠٠-١١:٣٠ص], الخميس:[٦:٠٠-١١:٣٠ص], الجمعة:[٦:٠٠-١١:٣٠ص], السبت:[٦:٠٠-١١:٣٠ص], الأحد:[٦:٠٠-١١:٣٠ص], الاثنين:[٦:٠٠-١١:٣٠ص]",https://lh5.googleusercontent.com/p/AF1QipOSkeEQiY-xFcC6ALdbc52k0Lg4XyEavLaBaREa=w122-h92-k-no,ChIJU9kcR81AWBQRCJeG2a-LVOk
التاج السوري,,47 شارع الفلكي، الدواوين، عابدين القاهرة‬ القاهرة Cairo، 11461,47 شارع الفلكي، الدواوين، عابدين القاهرة‬ القاهرة Cairo,عابدين,مطعم مأكولات سورية,,"0100 005 4964, +20 100 005 4964",,55,3.9,https://search.google.com/local/reviews?placeid=ChIJl8UrjaJBWBQRxK7teA73PBs&q=restaurants+%D8%A8%D8%A7%D9%84%D9%82%D8%B1%D8%A8+%D9%85%D9%86+Cairo&authuser=0&hl=ar&gl=EG,https://www.google.com/maps?cid=1962715179157139140,1962715179157139140,https://www.google.com/search?kgmid=/g/11h5_vm0zd&kponly,/g/11h5_vm0zd,30.043183799999998,31.2397273,,,"الثلاثاء:[نعمل على مدار 24 ساعة], الأربعاء:[نعمل على مدار 24 ساعة], الخميس:[نعمل على مدار 24 ساعة], الجمعة:[نعمل على مدار 24 ساعة], السبت:[نعمل على مدار 24 ساعة], الأحد:[نعمل على مدار 24 ساعة], الاثنين:[نعمل على مدار 24 ساعة]",https://lh5.googleusercontent.com/p/AF1QipPTYlbYNv_LzgweLDe4TjoYd39006Buztlhl8TW=w122-h92-k-no,ChIJl8UrjaJBWBQRxK7teA73PBs
سوشيراميس Sushiramis,,"Corniche El Nil, Garden City, Cairo, محافظة القاهرة‬ 11511","Corniche El Nil, Garden City",Cairo,مطعم سوشي,,"02 27988000, +20 2 27988000",,58,4.4,https://search.google.com/local/reviews?placeid=ChIJIYfmpkJBWBQRW5SFqDRCaho&q=restaurants+%D8%A8%D8%A7%D9%84%D9%82%D8%B1%D8%A8+%D9%85%D9%86+Cairo&authuser=0&hl=ar&gl=EG,https://www.google.com/maps?cid=1903406586450515035,1903406586450515035,https://www.google.com/search?kgmid=/g/11b5phwfbj&kponly,/g/11b5phwfbj,30.0431757,31.2318872,https://www.ihg.com/intercontinental/hotels/us/en/cairo/croha/hoteldetail,ihg.com,"الثلاثاء:[١:٠٠-٩:٠٠م], الأربعاء:[١:٠٠-٩:٠٠م], الخميس:[١:٠٠-٩:٠٠م], الجمعة:[١:٠٠-٩:٠٠م], السبت:[١:٠٠-٩:٠٠م], الأحد:[١:٠٠-٩:٠٠م], الاثنين:[١:٠٠-٩:٠٠م]",https://lh5.googleusercontent.com/p/AF1QipP542b-Ky2Wc2cO8nEbwP6YLlbjfHVLO_dSmiwg=w80-h106-k-no,ChIJIYfmpkJBWBQRW5SFqDRCaho
فسحة سمية,,59 شارع الفلكي، باب اللوق، عابدين، محافظة القاهرة‬ 4280123,59 شارع الفلكي,عابدين,مطعم أطباق اللحوم,,"0100 847 0614, +20 100 847 0614",,622,4.4,https://search.google.com/local/reviews?placeid=ChIJw6n9e8dAWBQR41_00fj9Dqk&q=restaurants+%D8%A8%D8%A7%D9%84%D9%82%D8%B1%D8%A8+%D9%85%D9%86+Cairo&authuser=0&hl=ar&gl=EG,https://www.google.com/maps?cid=12181953287199940579,12181953287199940579,https://www.google.com/search?kgmid=/g/11bzywfbbj&kponly,/g/11bzywfbbj,30.0456905,31.2402581,https://www.facebook.com/FasahetSomaya/,facebook.com,"الثلاثاء:[٥:٠٠-٧:٠٠م], الأربعاء:[٥:٠٠-٧:٠٠م], الخميس:[٥:٠٠-٧:٠٠م], الجمعة:[٥:٠٠-٧:٠٠م], السبت:[مغلق], الأحد:[٥:٠٠-٧:٠٠م], الاثنين:[٥:٠٠-٧:٠٠م]",https://lh5.googleusercontent.com/p/AF1QipNfHeq78y78mxsL7sEGFTAlbUW5UxmDXXB4a-d6=w122-h92-k-no,ChIJw6n9e8dAWBQR41_00fj9Dqk
ZEEYARA Restaurant,,In front of Bayt، 114 المعز لدين الله الفاطمي، Al Suhaymi، قسم الجمالية، محافظة القاهرة‬ 11621,In front of Bayt,قسم الجمالية,مطعم,,"0105 019 5658, +20 105 019 5658",,26,4.5,https://search.google.com/local/reviews?placeid=ChIJu7w5ZCxBWBQRu1qGUsu_cb8&q=restaurants+%D8%A8%D8%A7%D9%84%D9%82%D8%B1%D8%A8+%D9%85%D9%86+Cairo&authuser=0&hl=ar&gl=EG,https://www.google.com/maps?cid=13795018013596342971,13795018013596342971,https://www.google.com/search?kgmid=/g/11q838xb83&kponly,/g/11q838xb83,30.0522256,31.261787899999998,https://www.facebook.com/zeeyara.restaurant,facebook.com,"الثلاثاء:[٧:٠٠ص-١:٠٠ص], الأربعاء:[٧:٠٠ص-١:٠٠ص], الخميس:[٧:٠٠ص-١:٠٠ص], الجمعة:[٧:٠٠ص-١:٠٠ص], السبت:[٧:٠٠ص-١:٠٠ص], الأحد:[٧:٠٠ص-١:٠٠ص], الاثنين:[٧:٠٠ص-١:٠٠ص]",https://lh5.googleusercontent.com/p/AF1QipMjXu41BuEWt3a0n2t-_RkDdGstsQPSiOOC3Z-6=w122-h92-k-no,ChIJu7w5ZCxBWBQRu1qGUsu_cb8
لا بالميري - مطعم مغربي,,"3 el Thawra council street, sofitel el gezirah, zamalek، محافظة القاهرة‬ 11518","3 el Thawra council street, sofitel el gezirah, zamalek",الزمالك,مطعم,,"02 27373737, +20 2 27373737",,498,4,https://search.google.com/local/reviews?placeid=ChIJedmHctNAWBQR_j4ijAIJ8xU&q=restaurants+%D8%A8%D8%A7%D9%84%D9%82%D8%B1%D8%A8+%D9%85%D9%86+Cairo&authuser=0&hl=ar&gl=EG,https://www.google.com/maps?cid=1581617800682815230,1581617800682815230,https://www.google.com/search?kgmid=/g/1tcy1lxj&kponly,/g/1tcy1lxj,30.0387141,31.224787,https://restaurants.accor.com/gb/restaurant-5307_R003-la-palmeraie-cairo.shtml,restaurants.accor.com,"الثلاثاء:[٥:٠٠م-٣:٠٠ص], الأربعاء:[٥:٠٠م-٣:٠٠ص], الخميس:[٥:٠٠م-٣:٠٠ص], الجمعة:[٥:٠٠م-٣:٠٠ص], السبت:[٥:٠٠م-٣:٠٠ص], الأحد:[٥:٠٠م-٣:٠٠ص], الاثنين:[٥:٠٠م-٣:٠٠ص]",https://lh5.googleusercontent.com/p/AF1QipNAnQ4tJjWocebWacZt4YlzRuxR0I64Y-axmERJ=w151-h92-k-no,ChIJedmHctNAWBQR_j4ijAIJ8xU
جايدا نايل تراس,,"1191 كورنيش النيل، سوق العصر, El Nil، محافظة القاهرة‬ 11412",1191 كورنيش النيل,El Nil,"مطعم مأكولات لبنانية, بار آند جريل, صالات",,,,238,4.2,https://search.google.com/local/reviews?placeid=ChIJH6kLneVAWBQRRKKinchcLto&q=restaurants+%D8%A8%D8%A7%D9%84%D9%82%D8%B1%D8%A8+%D9%85%D9%86+Cairo&authuser=0&hl=ar&gl=EG,https://www.google.com/maps?cid=15721605365904876100,15721605365904876100,https://www.google.com/search?kgmid=/g/1w0dk5r_&kponly,/g/1w0dk5r_,30.0647791,31.227790799999998,,,"الثلاثاء:[٣:٠٠م-٢:٠٠ص], الأربعاء:[٣:٠٠م-٢:٠٠ص], الخميس:[٣:٠٠م-٢:٠٠ص], الجمعة:[٣:٠٠م-٢:٠٠ص], السبت:[٣:٠٠م-٢:٠٠ص], الأحد:[٣:٠٠م-١٢:٠٠ص], الاثنين:[٣:٠٠م-٢:٠٠ص]",https://lh5.googleusercontent.com/p/AF1QipOR5JnQQbouu0bSxX5JQz4ObDr13WlfaGp50YXM=w118-h92-k-no,ChIJH6kLneVAWBQRRKKinchcLto
نايل سيتي العائمة,,"River Street - Zamalek القاهرة, 11432",River Street - Zamalek القاهرة,الزمالك,"مطعم الباخرة, مطعم",,,,3484,4.4,https://search.google.com/local/reviews?placeid=ChIJfWQH8idBWBQRk9b5guaTIEI&q=restaurants+%D8%A8%D8%A7%D9%84%D9%82%D8%B1%D8%A8+%D9%85%D9%86+Cairo&authuser=0&hl=ar&gl=EG,https://www.google.com/maps?cid=4764971024007157395,4764971024007157395,https://www.google.com/search?kgmid=/g/1tdjfdy7&kponly,/g/1tdjfdy7,30.0483019,31.2283641,,,"الثلاثاء:[١١:٠٠ص-٣:٠٠ص], الأربعاء:[١١:٠٠ص-٣:٠٠ص], الخميس:[١١:٠٠ص-٣:٠٠ص], الجمعة:[١١:٠٠ص-٣:٠٠ص], السبت:[١١:٠٠ص-٣:٠٠ص], الأحد:[١١:٠٠ص-٣:٠٠ص], الاثنين:[١١:٠٠ص-٣:٠٠ص]",https://lh5.googleusercontent.com/p/AF1QipM-cYvW7xAg-jPO1KFpSzWk68TghUv-I82K1JGI=w80-h106-k-no,ChIJfWQH8idBWBQRk9b5guaTIEI
Culina,,"1113 كورنيش النيل, El Nil, DownTown، محافظة القاهرة‬ 4272080",1113 كورنيش النيل,DownTown,مطعم,,"0127 723 3582, +20 127 723 3582",,71,4.6,https://search.google.com/local/reviews?placeid=ChIJQ-wuz49BWBQR1hq-BocOVbM&q=restaurants+%D8%A8%D8%A7%D9%84%D9%82%D8%B1%D8%A8+%D9%85%D9%86+Cairo&authuser=0&hl=ar&gl=EG,https://www.google.com/maps?cid=12922250678906002134,12922250678906002134,https://www.google.com/search?kgmid=/g/11h0bkp3bh&kponly,/g/11h0bkp3bh,30.045664799999997,31.2329054,http://www.ritzcarlton.com/en/hotels/middle-east/cairo/dining/culina,ritzcarlton.com,"الثلاثاء:[٦:٣٠-١١:٠٠ص], الأربعاء:[٦:٣٠-١١:٠٠ص], الخميس:[٦:٣٠-١١:٠٠ص], الجمعة:[٦:٣٠-١١:٠٠ص], السبت:[٦:٣٠-١١:٠٠ص], الأحد:[٦:٣٠-١١:٠٠ص], الاثنين:[٦:٣٠ص-١١:٠٠م]",https://lh5.googleusercontent.com/p/AF1QipPNxnzxGFVAWKXSYMj0Cxo8iFBHfs7c43aeaT6u=w80-h142-k-no,ChIJQ-wuz49BWBQR1hq-BocOVbM
ايجبشيان نيتس,,"Cairo Marriott Hotel - 16 Saray El, الجزيره، الزمالك، محافظة القاهرة‬ 11211",Cairo Marriott Hotel - 16 Saray El,الزمالك,مطعم مأكولات مصرية,,"02 27283000 ext. 8595, +20 2 27283000 ext. 8595",,101,4,https://search.google.com/local/reviews?placeid=ChIJy73fid1AWBQR9Glt8HWjxMU&q=restaurants+%D8%A8%D8%A7%D9%84%D9%82%D8%B1%D8%A8+%D9%85%D9%86+Cairo&authuser=0&hl=ar&gl=EG,https://www.google.com/maps?cid=14250694847847295476,14250694847847295476,https://www.google.com/search?kgmid=/g/1s04f2z74&kponly,/g/1s04f2z74,30.056865199999997,31.2243188,https://www.marriott.com/hotels/hotel-information/restaurant/caieg-cairo-marriott-hotel-and-omar-khayyam-casino/,marriott.com,"الثلاثاء:[٦:٠٠م-١٢:٠٠ص], الأربعاء:[٦:٠٠م-١٢:٠٠ص], الخميس:[٦:٠٠م-١٢:٠٠ص], الجمعة:[٦:٠٠م-١٢:٠٠ص], السبت:[٦:٠٠م-١٢:٠٠ص], الأحد:[٦:٠٠م-١٢:٠٠ص], الاثنين:[٦:٠٠م-١٢:٠٠ص]",https://lh5.googleusercontent.com/p/AF1QipMOoH6NNJaLgBKVe_zpV9imC-oi7zLNCbqoxj_w=w80-h106-k-no,ChIJy73fid1AWBQR9Glt8HWjxMU
مطعم ستوديو مصر,,الدرب الأحمر، محافظة القاهرة‬ 4294010,الدرب الأحمر,الدرب الأحمر,مطعم أطباق اللحوم,,"0111 012 4034, +20 111 012 4034",,670,3.8,https://search.google.com/local/reviews?placeid=ChIJM2yl6F4_WBQRG1u1Vg5DCC0&q=restaurants+%D8%A8%D8%A7%D9%84%D9%82%D8%B1%D8%A8+%D9%85%D9%86+Cairo&authuser=0&hl=ar&gl=EG,https://www.google.com/maps?cid=3244917260383771419,3244917260383771419,https://www.google.com/search?kgmid=/g/1th89943&kponly,/g/1th89943,30.0422524,31.2659751,,,"الثلاثاء:[٩:٠٠ص-١٢:٠٠ص], الأربعاء:[٩:٠٠ص-١٢:٠٠ص], الخميس:[٩:٠٠ص-١٢:٠٠ص], الجمعة:[٩:٠٠ص-١٢:٠٠ص], السبت:[٩:٠٠ص-١٢:٠٠ص], الأحد:[٩:٠٠ص-١٢:٠٠ص], الاثنين:[٩:٠٠ص-١٢:٠٠ص]",https://lh5.googleusercontent.com/p/AF1QipN-gHQBJxWieBwvPzUfoEnUf9OC4HWjgqSUNETU=w122-h92-k-no,ChIJM2yl6F4_WBQRG1u1Vg5DCC0
مطعم مستيقه,,الجزيره، الزمالك، محافظة القاهرة‬ 11561,الجزيره,الزمالك,مطعم وجبات سريعة,,"0114 000 0044, +20 114 000 0044",,29,4.4,https://search.google.com/local/reviews?placeid=ChIJJxS2PlkiWBQR34aRldAjTBg&q=restaurants+%D8%A8%D8%A7%D9%84%D9%82%D8%B1%D8%A8+%D9%85%D9%86+Cairo&authuser=0&hl=ar&gl=EG,https://www.google.com/maps?cid=1750813733909792479,1750813733909792479,https://www.google.com/search?kgmid=/g/11f1lwkdxj&kponly,/g/11f1lwkdxj,30.0500764,31.227635,https://www.elmenus.com/cairo/mistiqa--oway,elmenus.com,"الثلاثاء:[١٠:٠٠ص-٢:٠٠ص], الأربعاء:[١٠:٠٠ص-٢:٠٠ص], الخميس:[١٠:٠٠ص-٢:٠٠ص], الجمعة:[١٠:٠٠ص-٢:٠٠ص], السبت:[١٠:٠٠ص-٢:٠٠ص], الأحد:[١٠:٠٠ص-٢:٠٠ص], الاثنين:[١٠:٠٠ص-٢:٠٠ص]",https://lh5.googleusercontent.com/p/AF1QipP2MGPtMuvzq87dEDvUL1gzGZLDIJNDhULL_Oef=w163-h92-k-no,ChIJJxS2PlkiWBQR34aRldAjTBg
بانى فينو,,"InterContinental Semiramis, كورنيش النيل، قصر الدوبارة، El Nile, محافظة القاهرة‬ 11511",InterContinental Semiramis,El Nile,مطعم مأكولات إيطالية,,"02 27988000, +20 2 27988000",,340,4.3,https://search.google.com/local/reviews?placeid=ChIJrwVWEs9AWBQRuw_v6ZU70lc&q=restaurants+%D8%A8%D8%A7%D9%84%D9%82%D8%B1%D8%A8+%D9%85%D9%86+Cairo&authuser=0&hl=ar&gl=EG,https://www.google.com/maps?cid=6328185941469892539,6328185941469892539,https://www.google.com/search?kgmid=/g/1tfhjlkm&kponly,/g/1tfhjlkm,30.0432684,31.2320642,https://digital.ihg.com/is/content/ihg/CROHA/intercontinental-cairo-6608715444-original.pdf,digital.ihg.com,"الثلاثاء:[١٢:٣٠م-١:٠٠ص], الأربعاء:[١٢:٣٠م-١:٠٠ص], الخميس:[١٢:٣٠م-١:٠٠ص], الجمعة:[١٢:٣٠م-١:٠٠ص], السبت:[١٢:٣٠م-١:٠٠ص], الأحد:[١٢:٣٠م-١:٠٠ص], الاثنين:[١٢:٣٠م-١:٠٠ص]",https://lh5.googleusercontent.com/p/AF1QipOdvvdt8sVr2rebYo8FG64W0x_-cjO20vxac76S=w125-h92-k-no,ChIJrwVWEs9AWBQRuw_v6ZU70lc
Bab El-Sharq,,قصر النيل، كورنيش النيل، الإسماعيلية، قسم قصر النيل، محافظة القاهرة‬ 11221,قصر النيل,قسم قصر النيل,"مطعم مأكولات لبنانية, مطعم مأكولات الشرق الأوسط",,"0127 723 3582, +20 127 723 3582",,241,4.1,https://search.google.com/local/reviews?placeid=ChIJFzoUxsVAWBQRCWhrYnVQgXY&q=restaurants+%D8%A8%D8%A7%D9%84%D9%82%D8%B1%D8%A8+%D9%85%D9%86+Cairo&authuser=0&hl=ar&gl=EG,https://www.google.com/maps?cid=8539194833563772937,8539194833563772937,https://www.google.com/search?kgmid=/g/11cppchj62&kponly,/g/11cppchj62,30.0454905,31.232190199999998,http://www.ritzcarlton.com/en/hotels/middle-east/cairo/dining/bab-el-sharq,ritzcarlton.com,"الثلاثاء:[٥:٠٠م-١:٣٠ص], الأربعاء:[٥:٠٠م-١:٣٠ص], الخميس:[٥:٠٠م-١:٣٠ص], الجمعة:[١:٣٠-٥:٣٠م], السبت:[٥:٠٠م-١:٣٠ص], الأحد:[٥:٠٠م-١:٣٠ص], الاثنين:[٥:٠٠م-١:٣٠ص]",https://lh5.googleusercontent.com/p/AF1QipPw5J1Y51K91NhCvUI5RLJiPIXXwMlyWvbkeiLi=w122-h92-k-no,ChIJFzoUxsVAWBQRCWhrYnVQgXY
Cairo Kitchen zamalek,,العزيز عثمان، الجبلاية، الزمالك، محافظة القاهرة‬ 4270131,العزيز عثمان,الزمالك,"مطعم مأكولات مصرية, مطعم",,"02 27354000, +20 2 27354000",,453,4.1,https://search.google.com/local/reviews?placeid=ChIJw89c3eBAWBQRKBsz3JLhrD4&q=restaurants+%D8%A8%D8%A7%D9%84%D9%82%D8%B1%D8%A8+%D9%85%D9%86+Cairo&authuser=0&hl=ar&gl=EG,https://www.google.com/maps?cid=4516232547221576488,4516232547221576488,https://www.google.com/search?kgmid=/g/11_sdjfyv&kponly,/g/11_sdjfyv,30.0600201,31.2210672,https://www.facebook.com/CairoKitchen/,facebook.com,"الثلاثاء:[١٢:٠٠م-١٢:٠٠ص], الأربعاء:[١٢:٠٠م-١٢:٠٠ص], الخميس:[١٢:٠٠م-١٢:٠٠ص], الجمعة:[١٢:٠٠م-١٢:٠٠ص], السبت:[١٢:٠٠م-١٢:٠٠ص], الأحد:[١٢:٠٠م-١٢:٠٠ص], الاثنين:[١٢:٠٠م-١٢:٠٠ص]",https://lh5.googleusercontent.com/p/AF1QipMPReFuWf_RBQAH2fJrhmIgSKrHSlFivtoQ_kiX=w92-h92-k-no,ChIJw89c3eBAWBQRKBsz3JLhrD4
مطعم تبوله,مطعم لبناني مريح ولاونج نرجيلة,المستشار، 1 Latin America St شارع، محمود فهمي,المستشار,قسم قصر النيل,"مطعم مأكولات لبنانية, مطعم",,"02 27925261, +20 2 27925261",,2229,4.2,https://search.google.com/local/reviews?placeid=ChIJISCso85AWBQRwdMEZdCXjp8&q=restaurants+%D8%A8%D8%A7%D9%84%D9%82%D8%B1%D8%A8+%D9%85%D9%86+Cairo&authuser=0&hl=ar&gl=EG,https://www.google.com/maps?cid=11497293820027261889,11497293820027261889,https://www.google.com/search?kgmid=/g/1tf9kkg_&kponly,/g/1tf9kkg_,30.039877099999998,31.2327196,http://www.taboula-eg.com/,taboula-eg.com,"الثلاثاء:[١١:٠٠ص-١:٠٠ص], الأربعاء:[١١:٠٠ص-١:٠٠ص], الخميس:[١١:٠٠ص-١:٠٠ص], الجمعة:[١٢:٠٠م-١٢:٣٠ص], السبت:[١٢:٠٠م-١٢:٠٠ص], الأحد:[١٢:٠٠م-١:٠٠ص], الاثنين:[١١:٠٠ص-١:٠٠ص]",https://lh5.googleusercontent.com/p/AF1QipPfVke5KkirwZklNewMp5nzzzLk5-UscreYokPq=w163-h92-k-no,ChIJISCso85AWBQRwdMEZdCXjp8
مطعم وكافيه اولدش,مكان مريح يقدّم مأكولات عالمية غنية,خلف الجريك كامبس، 20 شارع محمد محمود، عابدين، محافظة القاهرة‬,خلف الجريك كامبس,عابدين,"مطعم, مقهى",,"0106 011 9488, +20 106 011 9488",,4712,4.2,https://search.google.com/local/reviews?placeid=ChIJ8wKg4MdAWBQRYW3aFRDiVaE&q=restaurants+%D8%A8%D8%A7%D9%84%D9%82%D8%B1%D8%A8+%D9%85%D9%86+Cairo&authuser=0&hl=ar&gl=EG,https://www.google.com/maps?cid=11625446571840793953,11625446571840793953,https://www.google.com/search?kgmid=/g/11cmb36tsf&kponly,/g/11cmb36tsf,30.043267099999998,31.2385642,https://www.facebook.com/oldisheg/,facebook.com,"الثلاثاء:[٨:٠٠ص-١٢:٠٠ص], الأربعاء:[٨:٠٠ص-١٢:٠٠ص], الخميس:[٨:٠٠ص-١٢:٠٠ص], الجمعة:[٨:٠٠ص-١٢:٠٠ص], السبت:[٨:٠٠ص-١٢:٠٠ص], الأحد:[٨:٠٠ص-١٢:٠٠ص], الاثنين:[٨:٠٠ص-١٢:٠٠ص]",https://lh5.googleusercontent.com/p/AF1QipNmgFEq8tFf0wgWJXKub2_Hyz0wfvLLXNI6C9ze=w122-h92-k-no,ChIJ8wKg4MdAWBQRYW3aFRDiVaE
Bullona Cairo,,1089 كورنيش النيل، قسم قصر النيل، محافظة القاهرة‬ 11519,1089 كورنيش النيل,قسم قصر النيل,"مطعم مأكولات دول البحر المتوسط, مطعم راقٍ",,"02 27917000, +20 2 27917000",,26,3.6,https://search.google.com/local/reviews?placeid=ChIJWxSH-q1BWBQRy-LBejnyypA&q=restaurants+%D8%A8%D8%A7%D9%84%D9%82%D8%B1%D8%A8+%D9%85%D9%86+Cairo&authuser=0&hl=ar&gl=EG,https://www.google.com/maps?cid=10433417815443759819,10433417815443759819,https://www.google.com/search?kgmid=/g/11j0hhc5zx&kponly,/g/11j0hhc5zx,30.036236199999998,31.229456799999998,https://www.fourseasons.com/caironp/dining/restaurants/bullona/?seo=google_local_cai12_,fourseasons.com,"الثلاثاء:[٧:٠٠م-١:٠٠ص], الأربعاء:[٧:٠٠م-١:٠٠ص], الخميس:[٧:٠٠م-١:٠٠ص], الجمعة:[٧:٠٠م-١:٠٠ص], السبت:[٧:٠٠م-١:٠٠ص], الأحد:[مغلق], الاثنين:[مغلق]",https://lh5.googleusercontent.com/p/AF1QipM6zJxnsYJzYeY8dIEoHDj19c4YChDMnrh7-HHk=w137-h92-k-no,ChIJWxSH-q1BWBQRy-LBejnyypA
Old Cairo Restaurant & Café,,20 ماري جرجس، الكفور، قسم مصر القديمة، محافظة القاهرة‬ 4244101,20 ماري جرجس,قسم مصر القديمة,مطعم,,"0110 260 7892, +20 110 260 7892",,214,4.3,https://search.google.com/local/reviews?placeid=ChIJ15kbwxBHWBQR3o2O-mgxDMs&q=restaurants+%D8%A8%D8%A7%D9%84%D9%82%D8%B1%D8%A8+%D9%85%D9%86+Cairo&authuser=0&hl=ar&gl=EG,https://www.google.com/maps?cid=14631123616369905118,14631123616369905118,https://www.google.com/search?kgmid=/g/11c1df4bhj&kponly,/g/11c1df4bhj,30.0076528,31.2301826,,,"الثلاثاء:[٧:٢٠ص-٦:٠٠م], الأربعاء:[٧:٢٠ص-٦:٠٠م], الخميس:[٧:٢٠ص-٦:٠٠م], الجمعة:[٧:٢٠ص-٦:٠٠م], السبت:[٧:٢٠ص-٦:٠٠م], الأحد:[٧:٢٠ص-٦:٠٠م], الاثنين:[٧:٢٠ص-٦:٠٠م]",https://lh5.googleusercontent.com/p/AF1QipPm8BighKp2YpExWz_Z8kWqvXdm7gTMd4BacAXS=w163-h92-k-no,ChIJ15kbwxBHWBQR3o2O-mgxDMs
مطعم وحديقه الجريون,,"8 Kasr Al Nile Beside Egyptian Museum & Steigenberger Hotel, التحرير، محافظة القاهرة‬",8 Kasr Al Nile Beside Egyptian Museum & Steigenberger Hotel,قسم قصر النيل,مطعم راقٍ,,"02 25743114, +20 2 25743114",,727,4,https://search.google.com/local/reviews?placeid=ChIJnQo4x89AWBQRiZmGrvOQC-g&q=restaurants+%D8%A8%D8%A7%D9%84%D9%82%D8%B1%D8%A8+%D9%85%D9%86+Cairo&authuser=0&hl=ar&gl=EG,https://www.google.com/maps?cid=16720617417822607753,16720617417822607753,https://www.google.com/search?kgmid=/g/1tdnt5h0&kponly,/g/1tdnt5h0,30.047342999999998,31.2370478,https://www.facebook.com/profile.php?id=100019062660673,facebook.com,"الثلاثاء:[١٠:٠٠ص-١:٠٠ص], الأربعاء:[١٠:٠٠ص-١:٠٠ص], الخميس:[١٠:٠٠ص-١:٠٠ص], الجمعة:[١٠:٠٠ص-١:٠٠ص], السبت:[١٠:٠٠ص-١:٠٠ص], الأحد:[١٠:٠٠ص-١:٠٠ص], الاثنين:[١٢:٠٠م-١:٠٠ص]",https://lh5.googleusercontent.com/p/AF1QipOet__KKjC7e03AJOWNFytJUR9gDSL5rTQY5djw=w189-h92-k-no,ChIJnQo4x89AWBQRiZmGrvOQC-g
مطعم زيتوني,مطعم راقٍ يطل على النيل,1089 كورنيش النيل، قسم قصر النيل، محافظة القاهرة‬ 11519,1089 كورنيش النيل,قسم قصر النيل,"مطعم مأكولات مصرية, مطعم للإفطار, مطعم إفطار متأخر, مطعم راقٍ",,"02 27916877, +20 2 27916877",,883,4.6,https://search.google.com/local/reviews?placeid=ChIJU9kcR81AWBQRCJeG2a-LVOk&q=restaurants+%D8%A8%D8%A7%D9%84%D9%82%D8%B1%D8%A8+%D9%85%D9%86+Cairo&authuser=0&hl=ar&gl=EG,https://www.google.com/maps?cid=16813216896265918216,16813216896265918216,https://www.google.com/search?kgmid=/g/1thjqgnd&kponly,/g/1thjqgnd,30.036236199999998,31.229456799999998,https://www.fourseasons.com/caironp/dining/restaurants/zitouni/?seo=google_local_cai4_emea,fourseasons.com,"الثلاثاء:[٦:٠٠-١١:٣٠ص], الأربعاء:[٦:٠٠-١١:٣٠ص], الخميس:[٦:٠٠-١١:٣٠ص], الجمعة:[٦:٠٠-١١:٣٠ص], السبت:[٦:٠٠-١١:٣٠ص], الأحد:[٦:٠٠-١١:٣٠ص], الاثنين:[٦:٠٠-١١:٣٠ص]",https://lh5.googleusercontent.com/p/AF1QipOSkeEQiY-xFcC6ALdbc52k0Lg4XyEavLaBaREa=w122-h92-k-no,ChIJU9kcR81AWBQRCJeG2a-LVOk
التاج السوري,,47 شارع الفلكي، الدواوين، عابدين القاهرة‬ القاهرة Cairo، 11461,47 شارع الفلكي، الدواوين، عابدين القاهرة‬ القاهرة Cairo,عابدين,مطعم مأكولات سورية,,"0100 005 4964, +20 100 005 4964",,55,3.9,https://search.google.com/local/reviews?placeid=ChIJl8UrjaJBWBQRxK7teA73PBs&q=restaurants+%D8%A8%D8%A7%D9%84%D9%82%D8%B1%D8%A8+%D9%85%D9%86+Cairo&authuser=0&hl=ar&gl=EG,https://www.google.com/maps?cid=1962715179157139140,1962715179157139140,https://www.google.com/search?kgmid=/g/11h5_vm0zd&kponly,/g/11h5_vm0zd,30.043183799999998,31.2397273,,,"الثلاثاء:[نعمل على مدار 24 ساعة], الأربعاء:[نعمل على مدار 24 ساعة], الخميس:[نعمل على مدار 24 ساعة], الجمعة:[نعمل على مدار 24 ساعة], السبت:[نعمل على مدار 24 ساعة], الأحد:[نعمل على مدار 24 ساعة], الاثنين:[نعمل على مدار 24 ساعة]",https://lh5.googleusercontent.com/p/AF1QipPTYlbYNv_LzgweLDe4TjoYd39006Buztlhl8TW=w122-h92-k-no,ChIJl8UrjaJBWBQRxK7teA73PBs
سوشيراميس Sushiramis,,"Corniche El Nil, Garden City, Cairo, محافظة القاهرة‬ 11511","Corniche El Nil, Garden City",Cairo,مطعم سوشي,,"02 27988000, +20 2 27988000",,58,4.4,https://search.google.com/local/reviews?placeid=ChIJIYfmpkJBWBQRW5SFqDRCaho&q=restaurants+%D8%A8%D8%A7%D9%84%D9%82%D8%B1%D8%A8+%D9%85%D9%86+Cairo&authuser=0&hl=ar&gl=EG,https://www.google.com/maps?cid=1903406586450515035,1903406586450515035,https://www.google.com/search?kgmid=/g/11b5phwfbj&kponly,/g/11b5phwfbj,30.0431757,31.2318872,https://www.ihg.com/intercontinental/hotels/us/en/cairo/croha/hoteldetail,ihg.com,"الثلاثاء:[١:٠٠-٩:٠٠م], الأربعاء:[١:٠٠-٩:٠٠م], الخميس:[١:٠٠-٩:٠٠م], الجمعة:[١:٠٠-٩:٠٠م], السبت:[١:٠٠-٩:٠٠م], الأحد:[١:٠٠-٩:٠٠م], الاثنين:[١:٠٠-٩:٠٠م]",https://lh5.googleusercontent.com/p/AF1QipP542b-Ky2Wc2cO8nEbwP6YLlbjfHVLO_dSmiwg=w80-h106-k-no,ChIJIYfmpkJBWBQRW5SFqDRCaho
مطعم الدهان,,المركز التجارى، 16 ش جوهر القائد، محافظة القاهرة‬,المركز التجارى,قسم الجمالية,مطعم مأكولات مشوية,,"02 25939325, +20 2 25939325",,336,3.3,https://search.google.com/local/reviews?placeid=ChIJDajCAaBAWBQRoKjUw64thXY&q=restaurants+%D8%A8%D8%A7%D9%84%D9%82%D8%B1%D8%A8+%D9%85%D9%86+Cairo&authuser=0&hl=ar&gl=EG,https://www.google.com/maps?cid=8540282497011067040,8540282497011067040,https://www.google.com/search?kgmid=/g/1td5tfz_&kponly,/g/1td5tfz_,30.047055999999998,31.262453999999998,http://www.eldahangrill.com/,eldahangrill.com,"الثلاثاء:[١١:٠٠ص-٤:٠٠ص], الأربعاء:[١١:٠٠ص-٤:٠٠ص], الخميس:[١١:٠٠ص-٤:٠٠ص], الجمعة:[١١:٠٠ص-٤:٠٠ص], السبت:[١١:٠٠ص-٤:٠٠ص], الأحد:[١١:٠٠ص-٤:٠٠ص], الاثنين:[١١:٠٠ص-٤:٠٠ص]",https://lh5.googleusercontent.com/p/AF1QipPmuzE3O35wGZUwX3A7ppnBv8JPU1rY_ANyP8BO=w122-h92-k-no,ChIJDajCAaBAWBQRoKjUw64thXY
El caprice Lounge and restaurant,,4 شارع البرازيل، محمد مظهر، الزمالك، محافظة القاهرة‬ 4271033,4 شارع البرازيل,الزمالك,مطعم,,"0111 166 2346, +20 111 166 2346",,47,4.1,https://search.google.com/local/reviews?placeid=ChIJnSQfQtNBWBQRqJfInul1G4o&q=restaurants+%D8%A8%D8%A7%D9%84%D9%82%D8%B1%D8%A8+%D9%85%D9%86+Cairo&authuser=0&hl=ar&gl=EG,https://www.google.com/maps?cid=9951677447857018792,9951677447857018792,https://www.google.com/search?kgmid=/g/11rsqnpkj7&kponly,/g/11rsqnpkj7,30.060435,31.222161,https://elcaprice.business.site/?utm_source=gmb&utm_medium=referral,elcaprice.business.site,"الثلاثاء:[١٠:٠٠ص-١١:٣٠م], الأربعاء:[١٠:٠٠ص-١١:٣٠م], الخميس:[١٠:٠٠ص-١١:٣٠م], الجمعة:[١٠:٠٠ص-١١:٣٠م], السبت:[١٠:٠٠ص-١١:٣٠م], الأحد:[١٠:٠٠ص-١١:٣٠م], الاثنين:[١٠:٠٠ص-١١:٣٠م]",https://lh5.googleusercontent.com/p/AF1QipOyVOJBO8bKoDGjDUTmWIiEPqonXhob7y_x8wO9=w163-h92-k-no,ChIJnSQfQtNBWBQRqJfInul1G4o
Escobar Restaurant - Egypt,,9 المستشار محمد فهمي السيد، قصر الدوبارة، قسم قصر النيل، محافظة القاهرة‬ 4272060,9 المستشار محمد فهمي السيد,قسم قصر النيل,"مطعم, مطعم مأكولات مكسيكية",,"0127 133 3388, +20 127 133 3388",,92,4.4,https://search.google.com/local/reviews?placeid=ChIJJ5n4MHhBWBQRG4Jh8HmHycQ&q=restaurants+%D8%A8%D8%A7%D9%84%D9%82%D8%B1%D8%A8+%D9%85%D9%86+Cairo&authuser=0&hl=ar&gl=EG,https://www.google.com/maps?cid=14180013859546432027,14180013859546432027,https://www.google.com/search?kgmid=/g/11rpc0y8vg&kponly,/g/11rpc0y8vg,30.0397227,31.2333674,https://instagram.com/escobar_egypt?utm_medium=copy_link,instagram.com,"الثلاثاء:[٥:٠٠م-٢:٠٠ص], الأربعاء:[٥:٠٠م-٢:٠٠ص], الخميس:[٥:٠٠م-٢:٠٠ص], الجمعة:[٥:٠٠م-٢:٠٠ص], السبت:[٥:٠٠م-٢:٠٠ص], الأحد:[مغلق], الاثنين:[٥:٠٠م-٢:٠٠ص]",https://lh5.googleusercontent.com/p/AF1QipOwyGyrN1EBHuB_OlNFmTVouzmEmzhgE5AIOkjG=w138-h92-k-no,ChIJJ5n4MHhBWBQRG4Jh8HmHycQ
مطعم tasty Healty food,,26WV+VMJ، الفوالة، عابدين، محافظة القاهرة‬ 4282004,26WV+VMJ,عابدين,مطعم,,"0101 764 3958, +20 101 764 3958",,1,4,https://search.google.com/local/reviews?placeid=ChIJRzPXq1JBWBQRuJsU3MUV0W8&q=restaurants+%D8%A8%D8%A7%D9%84%D9%82%D8%B1%D8%A8+%D9%85%D9%86+Cairo&authuser=0&hl=ar&gl=EG,https://www.google.com/maps?cid=8057245147887606712,8057245147887606712,https://www.google.com/search?kgmid=/g/11t5xn08l9&kponly,/g/11t5xn08l9,30.047245099999998,31.243970599999997,,,"الثلاثاء:[نعمل على مدار 24 ساعة], الأربعاء:[نعمل على مدار 24 ساعة], الخميس:[نعمل على مدار 24 ساعة], الجمعة:[نعمل على مدار 24 ساعة], السبت:[نعمل على مدار 24 ساعة], الأحد:[نعمل على مدار 24 ساعة], الاثنين:[نعمل على مدار 24 ساعة]",https://lh5.googleusercontent.com/p/AF1QipN4HCDlYoxAB0iiT1OxwWCJUQXZOpnm98D8ZFb-=w122-h92-k-no,ChIJRzPXq1JBWBQRuJsU3MUV0W8
Le Rendez-vous ( Novotel Cairo Airport),,"Po Cairo Airport, محافظة القاهرة‬ 11776",Po Cairo Airport,عابدين,مطعم,,,,2,4,https://search.google.com/local/reviews?placeid=ChIJ8XIhgr5BWBQR2H1nIzRMThQ&q=restaurants+%D8%A8%D8%A7%D9%84%D9%82%D8%B1%D8%A8+%D9%85%D9%86+Cairo&authuser=0&hl=ar&gl=EG,https://www.google.com/maps?cid=1463190715757985240,1463190715757985240,https://www.google.com/search?kgmid=/g/11hz072fdf&kponly,/g/11hz072fdf,30.044419599999998,31.2357116,https://restaurants.accor.com/,restaurants.accor.com,,,ChIJ8XIhgr5BWBQR2H1nIzRMThQ
اهل كايرو بيتزا,,378G+5GJ، بين الجناين، الوايلى، محافظة القاهرة‬ 4390203,378G+5GJ,الوايلى,مطعم بيتزا,,"0112 410 3410, +20 112 410 3410",,128,4.1,https://search.google.com/local/reviews?placeid=ChIJtW52cp0_WBQRFB-W3IUA1dg&q=restaurants+%D8%A8%D8%A7%D9%84%D9%82%D8%B1%D8%A8+%D9%85%D9%86+Cairo&authuser=0&hl=ar&gl=EG,https://www.google.com/maps?cid=15624395057163280148,15624395057163280148,https://www.google.com/search?kgmid=/g/11gbkvzq1p&kponly,/g/11gbkvzq1p,30.0654576,31.276265,https://www.elmenus.com/ar/%D8%A7%D9%84%D9%82%D8%A7%D9%87%D8%B1%D8%A9/%D8%A7%D9%87%D9%84-%D9%83%D8%A7%D9%8A%D8%B1%D9%88-q62q,elmenus.com,"الثلاثاء:[١١:٠٠ص-١٢:٠٠ص], الأربعاء:[١١:٠٠ص-١٢:٠٠ص], الخميس:[١١:٠٠ص-١٢:٠٠ص], الجمعة:[١١:٠٠ص-١٢:٠٠ص], السبت:[١١:٠٠ص-١٢:٠٠ص], الأحد:[١١:٠٠ص-١٢:٠٠ص], الاثنين:[١١:٠٠ص-١٢:٠٠ص]",https://lh5.googleusercontent.com/p/AF1QipMdecRM9a9o0IT3TCRZwfjAw0P1GM3JC92plRZe=w122-h92-k-no,ChIJtW52cp0_WBQRFB-W3IUA1dg
جروبى,,"26XQ+372, Down town, قسم قصر النيل، محافظة القاهرة‬",26XQ+372,قسم قصر النيل,مطعم صغير,,"02 23911871, +20 2 23911871",,320,3.9,https://search.google.com/local/reviews?placeid=ChIJ4ZWeMMdAWBQRprZJ0IDEi0A&q=restaurants+%D8%A8%D8%A7%D9%84%D9%82%D8%B1%D8%A8+%D9%85%D9%86+Cairo&authuser=0&hl=ar&gl=EG,https://www.google.com/maps?cid=4651027097719518886,4651027097719518886,https://www.google.com/search?kgmid=/g/1tcy0_9j&kponly,/g/1tcy0_9j,30.0476402,31.238145099999997,,,"الثلاثاء:[٨:٠٠ص-١٢:٠٠ص], الأربعاء:[٨:٠٠ص-١٢:٠٠ص], الخميس:[٨:٠٠ص-١٢:٠٠ص], الجمعة:[٨:٠٠ص-١٢:٠٠ص], السبت:[٨:٠٠ص-١٢:٠٠ص], الأحد:[٨:٠٠ص-١٢:٠٠ص], الاثنين:[٨:٠٠ص-١٢:٠٠ص]",https://lh5.googleusercontent.com/p/AF1QipMbVO450UQUwv7XQZM0hJwQLtN0IerK_MYkH3fu=w140-h92-k-no,ChIJ4ZWeMMdAWBQRprZJ0IDEi0A
مطعم بون سواريه Bonne Soirée Restaurants,,9 نصر عوض، عين الصيرة، قسم مصر القديمة، محافظة القاهرة‬ 4245024,9 نصر عوض,قسم مصر القديمة,مطعم ببوفيه,,"0100 222 7788, +20 100 222 7788",,1227,4.1,https://search.google.com/local/reviews?placeid=ChIJx9ceIUFHWBQRa0E_GEQwNPk&q=restaurants+%D8%A8%D8%A7%D9%84%D9%82%D8%B1%D8%A8+%D9%85%D9%86+Cairo&authuser=0&hl=ar&gl=EG,https://www.google.com/maps?cid=17957030683255718251,17957030683255718251,https://www.google.com/search?kgmid=/g/11c327fzh_&kponly,/g/11c327fzh_,30.0149272,31.240950599999998,https://bonne-soiree-restaurants.business.site/?utm_source=gmb&utm_medium=referral,business.site,"الثلاثاء:[١١:٠٠ص-٨:٠٠م], الأربعاء:[١١:٠٠ص-٨:٠٠م], الخميس:[١١:٠٠ص-٨:٠٠م], الجمعة:[١١:٠٠ص-٨:٠٠م], السبت:[١١:٠٠ص-٨:٠٠م], الأحد:[١١:٠٠ص-٨:٠٠م], الاثنين:[١١:٠٠ص-٨:٠٠م]",https://lh5.googleusercontent.com/p/AF1QipMbhHw-oyKdunexaDSyk5MfcEbQsGAMaOzc0UR1=w122-h92-k-no,ChIJx9ceIUFHWBQRa0E_GEQwNPk
Tianma,,1189 كورنيش النيل، بولاق5، بولاق، محافظة القاهرة‬ 11221,1189 كورنيش النيل,بولاق,مطعم راقٍ,,"0100 677 2297, +20 100 677 2297",,16,4.7,https://search.google.com/local/reviews?placeid=ChIJb5JOwv5BWBQRgayi-mNrmdo&q=restaurants+%D8%A8%D8%A7%D9%84%D9%82%D8%B1%D8%A8+%D9%85%D9%86+Cairo&authuser=0&hl=ar&gl=EG,https://www.google.com/maps?cid=15751739248855919745,15751739248855919745,https://www.google.com/search?kgmid=/g/11lgrwd210&kponly,/g/11lgrwd210,30.062995599999997,31.227362099999997,https://www.marriott.com/hotels/hotel-information/restaurant/caixr-the-st-regis-cairo/,marriott.com,"الثلاثاء:[٤:٣٠م-١٢:٠٠ص], الأربعاء:[٤:٣٠م-١٢:٠٠ص], الخميس:[٤:٣٠م-١٢:٠٠ص], الجمعة:[٤:٣٠م-١٢:٠٠ص], السبت:[٤:٣٠م-١٢:٠٠ص], الأحد:[٤:٣٠م-١٢:٠٠ص], الاثنين:[٤:٣٠م-١٢:٠٠ص]",https://lh5.googleusercontent.com/p/AF1QipMYQf5PyKnFGgAo3f80cHtm5KGcceF2zQgJ-4ZG=w187-h92-k-no,ChIJb5JOwv5BWBQRgayi-mNrmdo
مطعم الشروق,,بجوار الجامعة الأمريكية، ١٦، شارع محمد محمود، البلاقسة، عابدين، محافظة القاهرة‬,بجوار الجامعة الأمريكية، ١٦,عابدين,مطعم فلافل,,"02 27921454, +20 2 27921454",,141,4.3,https://search.google.com/local/reviews?placeid=ChIJUzE_B7hAWBQRq8n81_7cBHU&q=restaurants+%D8%A8%D8%A7%D9%84%D9%82%D8%B1%D8%A8+%D9%85%D9%86+Cairo&authuser=0&hl=ar&gl=EG,https://www.google.com/maps?cid=8432107389447883179,8432107389447883179,https://www.google.com/search?kgmid=/g/11c6fclcgq&kponly,/g/11c6fclcgq,30.0431501,31.239448,,,"الثلاثاء:[نعمل على مدار 24 ساعة], الأربعاء:[نعمل على مدار 24 ساعة], الخميس:[نعمل على مدار 24 ساعة], الجمعة:[نعمل على مدار 24 ساعة], السبت:[نعمل على مدار 24 ساعة], الأحد:[نعمل على مدار 24 ساعة], الاثنين:[نعمل على مدار 24 ساعة]",https://lh5.googleusercontent.com/p/AF1QipNvpKATMuaPeeTftdcFH6nZniBux1yelN3PTQzA=w143-h92-k-no,ChIJUzE_B7hAWBQRq8n81_7cBHU
مطعم. Restaurant,,3785+CHV، رمسيس، القبيسي، حي الظاهر، محافظة القاهرة‬ 4330423,3785+CHV,حي الظاهر,مطعم,,,,,,,https://www.google.com/maps?cid=7756066384101928925,7756066384101928925,https://www.google.com/search?kgmid=/g/11mgfs1gvs&kponly,/g/11mgfs1gvs,30.0661095,31.2589096,,,,,ChIJ3biQq9ZBWBQR3W--bkgVo2s
هارديز,مطاعم وجبات سريعة تقدّم البرغر والفطور,التحرير، الدواوين، عابدين، محافظة القاهرة‬ 4280101,التحرير,عابدين,"مطعم سندوتشات, مطعم مأكولات أمريكية",,,,1079,3.7,https://search.google.com/local/reviews?placeid=ChIJSzGjKcZAWBQRp-IKP_vVY0A&q=restaurants+%D8%A8%D8%A7%D9%84%D9%82%D8%B1%D8%A8+%D9%85%D9%86+Cairo&authuser=0&hl=ar&gl=EG,https://www.google.com/maps?cid=4639787316192928423,4639787316192928423,https://www.google.com/search?kgmid=/g/11c45dr8b7&kponly,/g/11c45dr8b7,30.0438795,31.236342299999997,,,"الثلاثاء:[١١:٠٠ص-١٢:٠٠ص], الأربعاء:[١١:٠٠ص-١٢:٠٠ص], الخميس:[١١:٠٠ص-١٢:٠٠ص], الجمعة:[١١:٠٠ص-١٢:٠٠ص], السبت:[١١:٠٠ص-٣:٠٠ص], الأحد:[١١:٠٠ص-١٢:٠٠ص], الاثنين:[١١:٠٠ص-١٢:٠٠ص]",https://lh5.googleusercontent.com/p/AF1QipMhj9TzA74rP_Z_JbgHUMsEWYKL4vS3iKvO2z20=w163-h92-k-no,ChIJSzGjKcZAWBQRp-IKP_vVY0A
عيش + ملح,,"20 شارع عدلي, Street, Downtown، محافظة القاهرة‬ 11121",20 شارع عدلي,Downtown,"مطعم, مطعم للإفطار, كافيه, مطعم ومسرح, مطعم خالٍ من الغلوتين, مسرح عروض موسيقية, متجر مكرونة, مطعم بيتزا, مطعم أطعمة نباتية",,"0109 874 4014, +20 109 874 4014",,4385,4,https://search.google.com/local/reviews?placeid=ChIJ3f5aOb5AWBQRc-X8mjJVRBQ&q=restaurants+%D8%A8%D8%A7%D9%84%D9%82%D8%B1%D8%A8+%D9%85%D9%86+Cairo&authuser=0&hl=ar&gl=EG,https://www.google.com/maps?cid=1460385855011874163,1460385855011874163,https://www.google.com/search?kgmid=/g/11b7v7h3h5&kponly,/g/11b7v7h3h5,30.051135499999997,31.243714399999998,https://www.facebook.com/eishmalh/,facebook.com,"الثلاثاء:[٧:٠٠ص-١٢:٠٠ص], الأربعاء:[٧:٠٠ص-١٢:٠٠ص], الخميس:[٧:٠٠ص-١٢:٠٠ص], الجمعة:[٧:٠٠ص-١٢:٠٠ص], السبت:[٧:٠٠ص-١٢:٠٠ص], الأحد:[٧:٠٠ص-١٢:٠٠ص], الاثنين:[٧:٠٠ص-١٢:٠٠ص]",https://lh5.googleusercontent.com/p/AF1QipPuIe-UZzb_fi7v0u3bbhc0PUs9QEwAhe1KCqJ8=w138-h92-k-no,ChIJ3f5aOb5AWBQRc-X8mjJVRBQ
لو سود,,3 ش مجلس قيادة الثورة، الزمالك، محافظة القاهرة‬ 4270002,3 ش مجلس قيادة الثورة,الزمالك,مطعم,,"02 27373737, +20 2 27373737",,51,4.2,https://search.google.com/local/reviews?placeid=ChIJdx1SbtNAWBQR8cpc0KAtozo&q=restaurants+%D8%A8%D8%A7%D9%84%D9%82%D8%B1%D8%A8+%D9%85%D9%86+Cairo&authuser=0&hl=ar&gl=EG,https://www.google.com/maps?cid=4225271044117416689,4225271044117416689,https://www.google.com/search?kgmid=/g/1tdt33l9&kponly,/g/1tdt33l9,30.0386168,31.224687199999998,https://www.ahstatic.com/pdf/5307_rsr005_00_t_x_gb.pdf,ahstatic.com,"الثلاثاء:[نعمل على مدار 24 ساعة], الأربعاء:[نعمل على مدار 24 ساعة], الخميس:[نعمل على مدار 24 ساعة], الجمعة:[نعمل على مدار 24 ساعة], السبت:[نعمل على مدار 24 ساعة], الأحد:[نعمل على مدار 24 ساعة], الاثنين:[نعمل على مدار 24 ساعة]",https://lh5.googleusercontent.com/p/AF1QipP9udg0xiqEd3aHVqUWOxywLbKOGZZGYy9vEZqq=w141-h92-k-no,ChIJdx1SbtNAWBQR8cpc0KAtozo
مطعم السودان هبه كايرو,,3 ميدان عرابي، عرابي، الأزبكية، محافظة القاهرة‬ 4320101,3 ميدان عرابي,الأزبكية,مطعم عائلي,,"0100 915 2046, +20 100 915 2046",,3,2.3,https://search.google.com/local/reviews?placeid=ChIJuZNroxFBWBQRT_PjqNXWMqw&q=restaurants+%D8%A8%D8%A7%D9%84%D9%82%D8%B1%D8%A8+%D9%85%D9%86+Cairo&authuser=0&hl=ar&gl=EG,https://www.google.com/maps?cid=12408216136509027151,12408216136509027151,https://www.google.com/search?kgmid=/g/11rz2n4tsl&kponly,/g/11rz2n4tsl,30.0535192,31.242946699999997,,,"الثلاثاء:[نعمل على مدار 24 ساعة], الأربعاء:[نعمل على مدار 24 ساعة], الخميس:[نعمل على مدار 24 ساعة], الجمعة:[نعمل على مدار 24 ساعة], السبت:[نعمل على مدار 24 ساعة], الأحد:[نعمل على مدار 24 ساعة], الاثنين:[نعمل على مدار 24 ساعة]",https://lh5.googleusercontent.com/p/AF1QipP8GpgMfx-iI-EeSqtzr8j3AoxQ3Xg_Q_iDu-py=w92-h92-k-no,ChIJuZNroxFBWBQRT_PjqNXWMqw
برجر فاكتورى,,26th July st،، 114 حسن صبري، الزمالك، محافظة القاهرة‬,26th July st،,الزمالك,مطعم همبرغر,,"0122 101 1222, +20 122 101 1222",,921,4,https://search.google.com/local/reviews?placeid=ChIJv4EngR1BWBQRst9QGQgpYAo&q=restaurants+%D8%A8%D8%A7%D9%84%D9%82%D8%B1%D8%A8+%D9%85%D9%86+Cairo&authuser=0&hl=ar&gl=EG,https://www.google.com/maps?cid=747642652904710066,747642652904710066,https://www.google.com/search?kgmid=/g/11b5phnrdt&kponly,/g/11b5phnrdt,30.0596197,31.221889599999997,https://www.facebook.com/theburgerfactory.eg/,facebook.com,"الثلاثاء:[١٢:٠٠م-٣:٠٠ص], الأربعاء:[١٢:٠٠م-٣:٠٠ص], الخميس:[١٢:٠٠م-٣:٠٠ص], الجمعة:[١٢:٠٠م-٣:٠٠ص], السبت:[١٢:٠٠م-٣:٠٠ص], الأحد:[١٢:٠٠م-٣:٠٠ص], الاثنين:[١٢:٠٠م-٣:٠٠ص]",https://lh5.googleusercontent.com/p/AF1QipP5dHhfREYPMX3-FjGjTKfjZT6zvIydVCU79jA=w163-h92-k-no,ChIJv4EngR1BWBQRst9QGQgpYAo
هشام بدران,,14 زقاق السلحدار، بركة الزطلي، باب الشعرية، محافظة القاهرة‬،، 14 زقاق السلحدار، بركة الزطلي، باب الشعرية، محافظة القاهرة‬,14 زقاق السلحدار، بركة الزطلي، باب الشعرية، محافظة القاهرة‬،,باب الشعرية,مطعم,,"0128 623 5331, +20 128 623 5331",,2,5,https://search.google.com/local/reviews?placeid=ChIJ-bJjNyxBWBQRE_BOlB7KZDw&q=restaurants+%D8%A8%D8%A7%D9%84%D9%82%D8%B1%D8%A8+%D9%85%D9%86+Cairo&authuser=0&hl=ar&gl=EG,https://www.google.com/maps?cid=4351825372632772627,4351825372632772627,https://www.google.com/search?kgmid=/g/11h126_l0k&kponly,/g/11h126_l0k,30.0594847,31.257619299999998,,,,,ChIJ-bJjNyxBWBQRE_BOlB7KZDw
EatOut Restaurant,,11 ميدان التحرير، الإسماعيلية، قسم قصر النيل، محافظة القاهرة‬ 11512,11 ميدان التحرير,قسم قصر النيل,مطعم,,,,32,4.3,https://search.google.com/local/reviews?placeid=ChIJT5XmC_5BWBQRfKAinAHidBA&q=restaurants+%D8%A8%D8%A7%D9%84%D9%82%D8%B1%D8%A8+%D9%85%D9%86+Cairo&authuser=0&hl=ar&gl=EG,https://www.google.com/maps?cid=1185821098447642748,1185821098447642748,https://www.google.com/search?kgmid=/g/11p9pmnb3f&kponly,/g/11p9pmnb3f,30.045155299999998,31.2360822,,,,https://lh5.googleusercontent.com/p/AF1QipO0xrIQYKWHkkTGN0r3yzvzrqVw3anSHE9xxGyX=w80-h106-k-no,ChIJT5XmC_5BWBQRfKAinAHidBA
CaiRoma,,19 شارع يوسف الجندي، باب اللوق، عابدين، محافظة القاهرة‬ 4280123,19 شارع يوسف الجندي,عابدين,مطعم مأكولات إيطالية,,"02 23923228, +20 2 23923228",,2208,4.2,https://search.google.com/local/reviews?placeid=ChIJAwCQesdAWBQRWVdBBhny0j4&q=restaurants+%D8%A8%D8%A7%D9%84%D9%82%D8%B1%D8%A8+%D9%85%D9%86+Cairo&authuser=0&hl=ar&gl=EG,https://www.google.com/maps?cid=4526946764753819481,4526946764753819481,https://www.google.com/search?kgmid=/g/11c5_696f_&kponly,/g/11c5_696f_,30.0458397,31.239320099999997,,,"الثلاثاء:[٣:٠٠م-١:٠٠ص], الأربعاء:[٣:٠٠م-١:٠٠ص], الخميس:[٣:٠٠م-١:٠٠ص], الجمعة:[٣:٠٠م-١:٠٠ص], السبت:[٣:٠٠م-١:٠٠ص], الأحد:[٣:٠٠م-١:٠٠ص], الاثنين:[٣:٠٠م-١:٠٠ص]",https://lh5.googleusercontent.com/p/AF1QipOJ0543lhR_RrOZEsBghi_urM-tcAGBe8ejWcs0=w122-h92-k-no,ChIJAwCQesdAWBQRWVdBBhny0j4
المطعم الدوار - برج القاهرة,,26WF+7WQ، برج القاهرة، شارع البرج، الزمالك، الجيزة،، الزمالك,26WF+7WQ,الزمالك,مطعم عائلي,,,,28,3.3,https://search.google.com/local/reviews?placeid=ChIJU35v7NdBWBQRpJZBeoUR6_Q&q=restaurants+%D8%A8%D8%A7%D9%84%D9%82%D8%B1%D8%A8+%D9%85%D9%86+Cairo&authuser=0&hl=ar&gl=EG,https://www.google.com/maps?cid=17648218829760861860,17648218829760861860,https://www.google.com/search?kgmid=/g/11rshbzp93&kponly,/g/11rshbzp93,30.045723,31.224854599999997,,,,https://lh5.googleusercontent.com/p/AF1QipOmqmCAA27ffYRMrMgqQi00frvLBfEYpAH54Cdg=w138-h92-k-no,ChIJU35v7NdBWBQRpJZBeoUR6_Q
